EWS,NEET Rank,Local,Category,NEET Score,State_Rank,Gender,State Rank
NO,76179,AU,OC,535,1,F,1
NO,85148,AU,OC,525,2,F,2
NO,86541,AU,OC,523,3,F,3
NO,92411,SVU,OC,517,4,M,4
NO,111166,AU,BCB,497,5,M,5
NO,114766,NL,BCB,494,6,M,6
NO,115680,AU,BCA,493,7,F,7
NO,116498,AU,BCB,492,8,F,8
NO,117380,SVU,OC,491,9,F,9
NO,121621,NL,BCB,487,10,F,10
NO,123859,SVU,OC,485,11,F,11
NO,123975,AU,OC,485,12,F,12
NO,144312,AU,OC,466,13,F,13
NO,148092,AU,OC,463,14,F,14
NO,148526,AU,BCB,462,15,M,15
NO,152994,AU,BCA,459,16,F,16
NO,158200,AU,BCD,454,17,F,17
NO,158368,AU,OC,454,18,F,18
NO,158456,AU,OC,454,19,F,19
NO,160454,SVU,BCE,452,20,F,20
NO,160636,AU,OC,452,21,F,21
NO,166407,SVU,BCB,447,22,F,22
NO,167874,AU,OC,446,23,F,23
NO,172588,OU,OC,442,24,M,24
NO,172781,SVU,OC,442,25,F,25
NO,175157,SVU,OC,440,26,F,26
NO,178942,OU,BCD,437,27,M,27
NO,180039,OU,BCD,436,28,F,28
NO,180258,OU,OC,436,29,F,29
NO,180381,OU,BCD,436,30,F,30
NO,180417,OU,BCD,436,31,F,31
NO,181467,OU,BCD,435,32,F,32
NO,181664,SVU,BCA,435,33,F,33
NO,182204,AU,OC,435,34,F,34
EWS,184059,OU,OC,433,35,F,35
NO,184066,OU,BCD,433,36,F,36
NO,184538,OU,BCB,433,37,F,37
NO,184844,SVU,BCE,433,38,F,38
NO,185031,OU,BCD,433,39,M,39
NO,185279,OU,BCB,432,40,F,40
NO,185351,AU,OC,432,41,F,41
NO,186593,OU,BCE,431,42,F,42
NO,186632,OU,BCD,431,43,F,43
NO,186690,OU,BCD,431,44,M,44
NO,186695,AU,OC,431,45,F,45
NO,187946,OU,BCD,430,46,F,46
EWS,189270,OU,OC,429,47,M,47
NO,189366,OU,BCD,429,48,F,48
EWS,189388,OU,OC,429,49,F,49
NO,189718,SVU,BCB,429,50,F,50
NO,190548,OU,BCE,428,51,F,51
NO,190965,OU,BCB,428,52,F,52
NO,191327,OU,OC,428,53,F,53
NO,191799,SVU,BCE,427,54,M,54
NO,192121,OU,BCE,427,55,F,55
NO,192148,SVU,OC,427,56,F,56
NO,193251,OU,BCB,426,57,F,57
NO,193436,SVU,SC,426,58,M,58
NO,194461,AU,SC,425,59,F,59
NO,195907,AU,SC,424,60,F,60
NO,196136,OU,BCB,424,61,F,61
NO,197293,OU,BCB,423,62,F,62
EWS,197647,OU,OC,423,63,M,63
NO,198453,OU,BCD,423,64,M,64
EWS,199309,OU,OC,422,65,F,65
NO,200254,OU,BCB,421,66,F,66
NO,201370,SVU,OC,420,67,F,67
NO,201438,SVU,BCE,420,68,M,68
EWS,201499,OU,OC,420,69,F,69
NO,201606,OU,BCD,420,70,F,70
NO,202755,OU,BCD,419,71,M,71
NO,202813,OU,BCD,419,72,M,72
NO,203065,OU,BCD,419,73,F,73
NO,204207,AU,SC,418,74,F,74
NO,204375,OU,BCD,418,75,F,75
NO,205707,OU,BCB,417,76,F,76
NO,206871,OU,BCB,416,77,F,77
EWS,207026,OU,OC,416,78,F,78
NO,207657,OU,BCB,416,79,F,79
NO,208421,OU,BCE,415,80,F,80
NO,208901,OU,BCB,415,81,F,81
NO,209069,OU,BCD,415,82,M,82
NO,209715,OU,OC,414,83,F,83
NO,209748,OU,OC,414,84,F,84
NO,210084,OU,BCE,414,85,F,85
NO,210261,OU,BCD,414,86,F,86
NO,211041,SVU,BCB,413,87,M,87
NO,211271,OU,BCB,413,88,M,88
NO,211291,OU,BCB,413,89,F,89
NO,212477,AU,BCA,412,90,M,90
NO,213698,AU,OC,412,91,F,91
NO,213880,OU,BCE,411,92,F,92
NO,214135,OU,BCD,411,93,F,93
NO,214437,OU,BCD,411,94,F,94
NO,215188,OU,BCD,410,95,F,95
NO,215336,OU,BCB,410,96,F,96
NO,215664,AU,BCD,410,97,M,97
NO,217422,OU,BCD,409,98,F,98
NO,218334,OU,BCB,408,99,F,99
NO,219681,AU,BCD,407,100,F,100
NO,220259,SVU,SC,407,101,M,101
NO,220331,SVU,BCB,407,102,F,102
NO,221050,AU,SC,406,103,F,103
EWS,221253,OU,OC,406,104,M,104
NO,221370,OU,BCE,406,105,F,105
NO,221748,NL,BCA,406,106,F,106
NO,221825,NL,SC,406,107,F,107
NO,222631,SVU,OC,405,108,F,108
NO,222645,OU,BCD,405,109,F,109
NO,222727,AU,OC,405,110,F,110
NO,223323,OU,OC,405,111,F,111
NO,223844,OU,BCD,405,112,F,112
NO,224059,OU,OC,404,113,M,113
NO,224064,SVU,BCE,404,114,M,114
NO,224123,OU,BCB,404,115,F,115
NO,224150,AU,BCE,404,116,F,116
NO,224284,OU,BCD,404,117,M,117
NO,224312,OU,BCD,404,118,F,118
NO,224417,OU,BCB,404,119,F,119
NO,224458,AU,BCB,404,120,F,120
NO,224493,OU,BCB,404,121,F,121
NO,225543,OU,BCE,403,122,M,122
NO,225688,OU,BCD,403,123,M,123
NO,225802,AU,OC,403,124,M,124
NO,226170,OU,BCB,403,125,F,125
NO,226393,SVU,SC,403,126,M,126
NO,226971,OU,BCB,402,127,F,127
NO,227227,OU,BCB,402,128,M,128
NO,227336,OU,BCD,402,129,F,129
NO,227866,AU,BCA,402,130,M,130
NO,228838,OU,BCD,401,131,F,131
NO,229845,AU,SC,400,132,F,132
NO,229862,OU,BCB,400,133,F,133
NO,232018,OU,BCE,399,134,F,134
NO,232872,OU,ST,398,135,F,135
NO,232891,OU,BCB,398,136,F,136
NO,234478,OU,BCB,397,137,M,137
NO,234745,OU,ST,397,138,M,138
NO,235240,OU,BCB,397,139,F,139
NO,235465,SVU,BCB,397,140,M,140
NO,235877,OU,BCB,396,141,F,141
NO,235966,SVU,OC,396,142,F,142
NO,236531,OU,BCD,396,143,F,143
NO,236870,OU,BCE,396,144,F,144
NO,237620,OU,BCB,395,145,M,145
NO,237644,OU,BCB,395,146,F,146
EWS,239034,OU,OC,394,147,M,147
NO,239287,OU,BCB,394,148,F,148
NO,239597,OU,OC,394,149,F,149
NO,240495,OU,BCD,393,150,M,150
NO,241966,AU,SC,392,151,F,151
NO,242064,OU,BCB,392,152,F,152
NO,243528,OU,BCD,391,153,F,153
NO,243775,OU,BCD,391,154,F,154
NO,245046,OU,BCE,390,155,F,155
NO,245048,SVU,BCA,390,156,F,156
NO,245188,OU,BCB,390,157,F,157
EWS,245193,OU,OC,390,158,F,158
NO,245285,OU,BCB,390,159,M,159
NO,245304,OU,SC,390,160,F,160
NO,246899,OU,OC,389,161,F,161
NO,246931,OU,ST,389,162,F,162
NO,246994,OU,SC,389,163,F,163
NO,247166,OU,BCD,389,164,F,164
NO,248365,OU,BCB,388,165,F,165
NO,248457,OU,ST,388,166,F,166
EWS,248466,OU,OC,388,167,F,167
NO,248522,OU,SC,388,168,F,168
NO,248584,OU,ST,388,169,F,169
NO,248702,AU,BCD,388,170,M,170
NO,249692,OU,BCD,388,171,M,171
NO,250476,OU,BCE,387,172,F,172
NO,251523,OU,BCB,386,173,F,173
NO,251587,OU,SC,386,174,F,174
NO,251866,OU,SC,386,175,M,175
NO,252903,OU,BCE,386,176,F,176
NO,253483,SVU,SC,385,177,F,177
NO,253525,SVU,OC,385,178,F,178
NO,253564,SVU,OC,385,179,F,179
NO,253862,OU,BCB,385,180,M,180
NO,254465,SVU,BCD,385,181,F,181
NO,254957,OU,SC,384,182,F,182
NO,254984,OU,BCB,384,183,M,183
NO,255123,OU,BCB,384,184,F,184
NO,255136,OU,SC,384,185,F,185
EWS,255499,OU,OC,384,186,F,186
NO,256527,OU,BCD,383,187,F,187
NO,256603,SVU,BCA,383,188,F,188
EWS,257212,OU,OC,383,189,F,189
NO,257994,OU,ST,382,190,F,190
NO,258032,OU,ST,382,191,F,191
NO,258043,OU,SC,382,192,F,192
NO,258306,OU,ST,382,193,M,193
NO,258341,OU,SC,382,194,M,194
NO,258380,OU,SC,382,195,F,195
NO,259507,OU,SC,381,196,F,196
NO,259620,OU,ST,381,197,M,197
NO,259660,OU,BCA,381,198,F,198
NO,259823,OU,BCB,381,199,F,199
NO,259868,SVU,BCB,381,200,F,200
NO,259943,SVU,BCB,381,201,F,201
NO,260288,OU,ST,381,202,M,202
NO,261205,SVU,OC,380,203,F,203
NO,261230,OU,BCD,380,204,F,204
NO,263144,OU,BCD,379,205,M,205
NO,263239,OU,SC,379,206,F,206
NO,263318,AU,BCB,379,207,M,207
NO,263732,OU,BCE,379,208,F,208
NO,263765,OU,BCE,379,209,F,209
EWS,264666,OU,OC,378,210,F,210
NO,264700,OU,BCE,378,211,M,211
NO,264734,OU,BCB,378,212,F,212
NO,264813,SVU,OC,378,213,F,213
NO,265002,OU,BCB,378,214,F,214
NO,265818,OU,OC,378,215,F,215
NO,265880,OU,BCD,378,216,F,216
NO,266243,OU,BCD,377,217,F,217
NO,266279,SVU,BCE,377,218,F,218
NO,266332,OU,BCD,377,219,M,219
NO,266395,OU,BCD,377,220,F,220
EWS,266500,OU,OC,377,221,F,221
NO,266519,OU,BCA,377,222,F,222
NO,266549,OU,OC,377,223,F,223
NO,267172,OU,BCA,377,224,F,224
NO,267294,OU,BCE,377,225,F,225
NO,267879,OU,BCE,376,226,F,226
NO,267998,OU,BCB,376,227,F,227
NO,269582,OU,BCB,375,228,F,228
NO,269974,OU,SC,375,229,F,229
NO,270083,OU,BCE,375,230,M,230
NO,271351,OU,BCA,374,231,F,231
NO,271378,OU,ST,374,232,F,232
NO,271805,OU,BCD,374,233,F,233
NO,272046,SVU,BCE,374,234,F,234
NO,273033,AU,OC,373,235,F,235
NO,273109,OU,BCC,373,236,F,236
NO,273252,OU,BCE,373,237,F,237
NO,273254,OU,ST,373,238,F,238
NO,273313,OU,BCB,373,239,M,239
NO,273384,SVU,OC,373,240,M,240
NO,274643,OU,BCB,372,241,F,241
NO,274701,OU,SC,372,242,F,242
NO,274761,OU,BCD,372,243,F,243
NO,274991,OU,SC,372,244,F,244
NO,276341,OU,SC,371,245,F,245
NO,276389,OU,BCB,371,246,F,246
NO,276517,OU,SC,371,247,F,247
NO,277961,AU,BCA,370,248,F,248
NO,277972,SVU,BCE,370,249,F,249
NO,278009,OU,SC,370,250,F,250
NO,278034,OU,SC,370,251,F,251
NO,278039,OU,BCB,370,252,F,252
NO,278427,OU,BCD,370,253,F,253
NO,278637,OU,BCB,370,254,F,254
NO,279757,OU,BCB,369,255,F,255
NO,279929,OU,OC,369,256,F,256
NO,279947,SVU,OC,369,257,F,257
NO,279973,OU,OC,369,258,F,258
NO,280575,OU,ST,369,259,F,259
NO,280607,OU,BCD,369,260,M,260
NO,280668,OU,OC,369,261,F,261
NO,281572,OU,BCB,368,262,F,262
NO,281736,OU,BCE,368,263,M,263
NO,281971,OU,SC,368,264,F,264
NO,283174,OU,BCA,367,265,F,265
NO,283253,AU,OC,367,266,F,266
NO,283335,OU,ST,367,267,F,267
NO,283359,OU,BCA,367,268,F,268
NO,283483,OU,BCE,367,269,F,269
NO,284031,OU,BCB,367,270,F,270
NO,284495,SVU,BCB,367,271,F,271
NO,284960,OU,SC,366,272,F,272
NO,285006,OU,BCD,366,273,F,273
NO,285227,OU,BCB,366,274,M,274
NO,286597,OU,BCA,365,275,F,275
NO,286629,OU,ST,365,276,F,276
NO,286643,OU,ST,365,277,F,277
NO,286654,OU,ST,365,278,M,278
NO,286667,OU,ST,365,279,F,279
NO,286751,SVU,OC,365,280,F,280
NO,286789,OU,BCE,365,281,F,281
NO,286817,OU,BCB,365,282,F,282
NO,286836,OU,BCE,365,283,M,283
NO,288551,OU,SC,364,284,F,284
NO,288669,OU,BCA,364,285,F,285
NO,288820,OU,BCE,364,286,F,286
NO,289012,OU,BCA,364,287,M,287
NO,289071,OU,BCB,364,288,F,288
NO,289636,SVU,BCD,364,289,F,289
NO,290118,OU,ST,364,290,M,290
NO,290248,OU,BCD,363,291,F,291
NO,290375,OU,SC,363,292,F,292
NO,290389,AU,SC,363,293,F,293
NO,290600,OU,BCB,363,294,F,294
NO,290858,OU,BCB,363,295,F,295
NO,291979,OU,BCA,362,296,F,296
NO,292094,OU,SC,362,297,F,297
EWS,292260,OU,OC,362,298,F,298
NO,292301,OU,OC,362,299,F,299
NO,292336,OU,SC,362,300,F,300
NO,292346,OU,ST,362,301,M,301
NO,292348,OU,BCA,362,302,M,302
NO,292390,OU,SC,362,303,M,303
NO,293762,OU,BCB,361,304,F,304
NO,293903,OU,BCD,361,305,F,305
NO,293920,OU,OC,361,306,F,306
NO,293943,OU,OC,361,307,F,307
NO,294000,OU,BCB,361,308,F,308
NO,294048,OU,SC,361,309,F,309
EWS,294071,OU,OC,361,310,F,310
NO,294161,OU,BCE,361,311,F,311
EWS,294321,OU,OC,361,312,F,312
NO,294384,SVU,BCE,361,313,F,313
NO,294531,OU,BCB,361,314,F,314
NO,294603,OU,ST,361,315,M,315
NO,295534,OU,BCE,360,316,F,316
NO,295535,OU,OC,360,317,F,317
NO,295599,OU,ST,360,318,F,318
NO,295610,OU,BCB,360,319,M,319
NO,295661,OU,BCD,360,320,F,320
NO,295678,OU,BCE,360,321,F,321
NO,295861,OU,BCE,360,322,M,322
NO,296092,OU,BCA,360,323,F,323
NO,297496,OU,BCB,359,324,F,324
NO,297547,OU,BCB,359,325,M,325
NO,297629,OU,BCA,359,326,F,326
NO,297728,AU,BCB,359,327,F,327
NO,297785,OU,SC,359,328,M,328
NO,297868,OU,SC,359,329,M,329
NO,298170,SVU,BCD,359,330,F,330
NO,298741,OU,BCE,359,331,F,331
NO,317871,OU,ST,348,332,F,332
NO,299168,OU,BCB,358,333,F,333
NO,299183,OU,SC,358,334,M,334
NO,299192,OU,BCB,358,335,F,335
NO,299201,OU,BCD,358,336,F,336
EWS,299295,OU,OC,358,337,F,337
NO,299310,OU,BCD,358,338,F,338
NO,299419,OU,BCB,358,339,F,339
NO,299448,OU,SC,358,340,F,340
NO,299636,OU,ST,358,341,F,341
NO,300924,OU,BCE,357,342,F,342
NO,301036,OU,BCB,357,343,F,343
NO,301279,OU,SC,357,344,M,344
NO,301363,OU,SC,357,345,F,345
NO,301374,OU,BCE,357,346,F,346
NO,302075,OU,BCA,357,347,F,347
NO,302661,OU,BCE,356,348,F,348
NO,302682,OU,SC,356,349,F,349
NO,302751,OU,BCD,356,350,F,350
NO,302913,OU,BCB,356,351,F,351
NO,303021,OU,ST,356,352,F,352
NO,303649,OU,BCB,356,353,F,353
NO,303775,OU,BCB,356,354,F,354
NO,323497,OU,BCA,345,355,F,355
NO,304494,OU,BCE,355,356,M,356
NO,304517,OU,BCB,355,357,F,357
NO,304537,OU,BCA,355,358,F,358
NO,304545,SVU,BCA,355,359,F,359
NO,304755,AU,BCC,355,360,F,360
NO,304761,OU,BCD,355,361,M,361
NO,305017,OU,BCA,355,362,F,362
NO,305215,OU,BCE,355,363,F,363
NO,305350,OU,BCB,355,364,F,364
NO,305529,OU,OC,355,365,F,365
NO,306117,OU,BCD,355,366,F,366
NO,306512,OU,BCD,354,367,F,367
NO,306588,OU,BCB,354,368,F,368
NO,306603,OU,SC,354,369,F,369
NO,308400,OU,BCE,353,370,F,370
NO,308456,OU,BCB,353,371,F,371
NO,308474,OU,SC,353,372,F,372
NO,308490,OU,BCB,353,373,F,373
NO,308508,OU,BCA,353,374,F,374
NO,308653,OU,SC,353,375,F,375
NO,308728,OU,BCB,353,376,F,376
NO,308775,OU,ST,353,377,F,377
NO,308856,OU,BCB,353,378,F,378
NO,309205,OU,BCE,353,379,M,379
NO,309384,OU,BCD,353,380,F,380
NO,309620,AU,BCD,353,381,F,381
NO,310170,OU,ST,352,382,M,382
NO,310189,OU,BCA,352,383,F,383
NO,310232,OU,BCD,352,384,F,384
NO,310237,OU,ST,352,385,F,385
NO,310259,OU,BCB,352,386,F,386
NO,310417,OU,BCE,352,387,F,387
NO,310568,OU,BCA,352,388,F,388
NO,310698,OU,BCD,352,389,F,389
NO,311264,OU,BCB,352,390,F,390
NO,312081,AU,SC,351,391,F,391
NO,312144,SVU,OC,351,392,F,392
NO,312193,OU,BCA,351,393,F,393
NO,312289,OU,SC,351,394,F,394
NO,312340,OU,ST,351,395,F,395
NO,312377,OU,ST,351,396,F,396
NO,312424,OU,BCD,351,397,F,397
NO,312613,SVU,BCB,351,398,F,398
NO,312628,NL,SC,351,399,F,399
NO,312758,OU,BCB,351,400,M,400
NO,313994,OU,BCE,350,401,F,401
NO,314018,OU,SC,350,402,F,402
NO,314088,OU,ST,350,403,M,403
NO,314149,OU,BCB,350,404,M,404
NO,314213,OU,BCB,350,405,F,405
NO,314477,OU,BCB,350,406,M,406
NO,314876,OU,BCB,350,407,F,407
NO,316088,OU,BCA,349,408,F,408
NO,316806,OU,BCD,349,409,F,409
NO,316813,AU,SC,349,410,F,410
NO,317755,OU,BCD,348,411,F,411
NO,317780,OU,BCE,348,412,F,412
EWS,317783,OU,OC,348,413,F,413
NO,317868,AU,OC,348,414,F,414
NO,318008,OU,OC,348,415,F,415
NO,318076,OU,BCB,348,416,F,416
NO,318479,OU,SC,348,417,F,417
NO,318762,OU,SC,348,418,F,418
NO,319699,OU,OC,347,419,F,419
NO,319867,OU,BCB,347,420,F,420
NO,319882,OU,SC,347,421,F,421
NO,320100,SVU,SC,347,422,M,422
NO,320153,SVU,ST,347,423,F,423
NO,320200,OU,BCE,347,424,F,424
NO,320462,OU,ST,347,425,F,425
NO,320578,SVU,BCE,347,426,M,426
NO,321491,OU,OC,346,427,M,427
EWS,321832,OU,OC,346,428,F,428
NO,323215,AU,OC,346,429,F,429
NO,323423,OU,BCD,345,430,M,430
NO,323450,SVU,BCB,345,431,M,431
EWS,323500,OU,OC,345,432,F,432
NO,323509,AU,BCA,345,433,F,433
EWS,323563,OU,OC,345,434,F,434
NO,323578,AU,OC,345,435,F,435
NO,323804,OU,BCD,345,436,F,436
NO,323838,OU,OC,345,437,M,437
NO,324009,OU,BCB,345,438,M,438
NO,324259,OU,BCD,345,439,F,439
NO,324264,OU,BCE,345,440,F,440
NO,324594,OU,BCD,345,441,F,441
NO,325427,OU,BCE,344,442,F,442
NO,325619,OU,BCA,344,443,F,443
NO,325632,OU,BCE,344,444,F,444
NO,325721,OU,BCD,344,445,F,445
NO,326713,OU,BCE,344,446,F,446
NO,327553,OU,BCD,343,447,F,447
NO,327740,OU,BCE,343,448,F,448
EWS,327824,OU,OC,343,449,F,449
NO,327939,OU,BCB,343,450,F,450
NO,328226,OU,ST,343,451,F,451
EWS,329358,OU,OC,342,452,F,452
NO,329508,OU,BCD,342,453,F,453
NO,329770,OU,BCE,342,454,M,454
NO,329799,SVU,BCE,342,455,M,455
NO,330072,OU,SC,342,456,F,456
NO,330299,OU,BCB,342,457,F,457
NO,330386,OU,ST,342,458,F,458
NO,330524,OU,BCB,342,459,F,459
NO,331180,OU,BCB,341,460,F,460
NO,331231,OU,ST,341,461,F,461
NO,331264,SVU,BCE,341,462,F,462
NO,331281,OU,BCD,341,463,F,463
EWS,331301,OU,OC,341,464,M,464
NO,331323,OU,ST,341,465,M,465
NO,331371,OU,BCE,341,466,F,466
NO,331640,OU,BCD,341,467,F,467
NO,331724,OU,BCB,341,468,F,468
NO,331939,OU,BCB,341,469,F,469
NO,332214,OU,BCB,341,470,F,470
NO,332447,OU,BCD,341,471,M,471
NO,333075,OU,BCE,340,472,M,472
NO,333105,OU,BCD,340,473,F,473
NO,333129,OU,BCA,340,474,F,474
NO,333360,OU,BCD,340,475,F,475
NO,333373,OU,BCD,340,476,F,476
NO,333523,OU,BCB,340,477,F,477
NO,333955,SVU,BCD,340,478,F,478
NO,334131,OU,BCB,340,479,F,479
NO,334398,OU,BCB,340,480,F,480
NO,335259,OU,BCB,339,481,F,481
NO,335537,SVU,BCA,339,482,F,482
NO,335770,AU,OC,339,483,F,483
NO,335795,OU,BCB,339,484,F,484
NO,335802,OU,BCB,339,485,F,485
NO,336327,AU,BCD,339,486,F,486
NO,339181,OU,BCD,337,487,F,487
NO,339211,OU,BCA,337,488,F,488
NO,339237,OU,SC,337,489,F,489
NO,339279,OU,BCE,337,490,F,490
EWS,339370,OU,OC,337,491,F,491
NO,339376,OU,SC,337,492,F,492
NO,339450,OU,SC,337,493,M,493
NO,339636,OU,OC,337,494,F,494
NO,340151,OU,SC,337,495,M,495
NO,341193,OU,BCE,336,496,F,496
EWS,341224,OU,OC,336,497,F,497
NO,341342,OU,BCB,336,498,F,498
NO,341405,OU,ST,336,499,F,499
NO,341976,AU,OC,336,500,F,500
NO,342312,OU,BCD,336,501,F,501
NO,342867,OU,SC,336,502,F,502
NO,342962,OU,BCB,335,503,F,503
NO,343042,OU,BCE,335,504,F,504
NO,343155,OU,SC,335,505,M,505
NO,343228,OU,BCD,335,506,F,506
NO,343336,OU,BCB,335,507,F,507
NO,343619,OU,BCB,335,508,M,508
NO,343666,OU,BCB,335,509,F,509
NO,344037,OU,BCE,335,510,F,510
NO,344929,AU,SC,335,511,F,511
NO,344955,OU,BCB,335,512,F,512
NO,345154,OU,BCE,334,513,F,513
NO,345258,OU,BCB,334,514,F,514
NO,345333,OU,BCE,334,515,F,515
NO,345340,OU,BCE,334,516,F,516
NO,345406,OU,BCB,334,517,F,517
NO,345532,OU,ST,334,518,F,518
NO,345560,OU,BCD,334,519,F,519
NO,345617,OU,BCB,334,520,F,520
NO,346008,OU,ST,334,521,F,521
NO,346383,OU,BCD,334,522,F,522
NO,347149,OU,BCE,333,523,F,523
NO,347236,OU,ST,333,524,M,524
NO,347314,OU,BCB,333,525,F,525
NO,347350,OU,SC,333,526,F,526
NO,347367,OU,OC,333,527,F,527
NO,347427,OU,BCA,333,528,M,528
EWS,347631,OU,OC,333,529,F,529
NO,347862,SVU,ST,333,530,M,530
NO,347961,OU,BCB,333,531,F,531
NO,348084,AU,SC,333,532,F,532
NO,348090,OU,BCC,333,533,F,533
NO,349075,OU,BCB,332,534,F,534
NO,349177,OU,OC,332,535,F,535
NO,349209,OU,BCB,332,536,F,536
NO,349235,OU,SC,332,537,F,537
NO,349277,OU,ST,332,538,F,538
NO,349398,OU,BCB,332,539,F,539
NO,349449,OU,SC,332,540,F,540
NO,349540,OU,OC,332,541,M,541
NO,349768,OU,BCB,332,542,F,542
NO,350001,OU,BCD,332,543,F,543
NO,351074,OU,BCD,331,544,M,544
NO,351311,OU,ST,331,545,F,545
NO,351371,OU,ST,331,546,F,546
NO,351393,OU,OC,331,547,F,547
NO,351784,OU,SC,331,548,F,548
NO,352035,OU,SC,331,549,F,549
NO,353059,OU,BCB,330,550,F,550
NO,353197,SVU,BCE,330,551,M,551
NO,353211,OU,BCE,330,552,M,552
NO,353231,OU,OC,330,553,F,553
NO,353692,OU,BCE,330,554,F,554
NO,355304,OU,SC,329,555,F,555
NO,355318,OU,SC,329,556,F,556
NO,355345,OU,OC,329,557,F,557
NO,355437,OU,BCE,329,558,F,558
NO,355487,OU,BCE,329,559,F,559
NO,355533,OU,BCD,329,560,F,560
NO,355652,OU,BCD,329,561,F,561
NO,355664,AU,SC,329,562,F,562
NO,355727,OU,BCB,329,563,F,563
NO,355790,OU,BCA,329,564,F,564
NO,356505,OU,OC,329,565,F,565
EWS,356593,OU,OC,329,566,M,566
NO,357444,AU,BCD,328,567,F,567
NO,357521,OU,SC,328,568,F,568
NO,357832,OU,BCB,328,569,F,569
NO,357981,OU,BCE,328,570,F,570
NO,358987,OU,BCD,328,571,F,571
NO,359059,OU,BCD,328,572,M,572
NO,359336,OU,BCE,327,573,F,573
NO,359374,SVU,SC,327,574,M,574
NO,359378,OU,ST,327,575,F,575
NO,359396,OU,BCE,327,576,F,576
EWS,359413,OU,OC,327,577,F,577
NO,359422,OU,ST,327,578,F,578
NO,359648,OU,SC,327,579,M,579
NO,359683,OU,SC,327,580,F,580
NO,359899,OU,BCA,327,581,F,581
NO,359984,OU,BCB,327,582,F,582
NO,360371,OU,BCE,327,583,F,583
NO,361353,OU,BCB,326,584,F,584
NO,361496,OU,BCB,326,585,F,585
NO,361531,OU,SC,326,586,F,586
EWS,361763,OU,OC,326,587,F,587
NO,361805,OU,BCD,326,588,F,588
NO,362119,OU,OC,326,589,F,589
NO,362259,OU,SC,326,590,F,590
NO,362448,SVU,BCB,326,591,M,591
NO,363573,OU,BCB,325,592,F,592
NO,363653,OU,BCE,325,593,F,593
NO,363675,OU,SC,325,594,F,594
NO,363746,OU,BCB,325,595,M,595
NO,363870,OU,BCE,325,596,F,596
NO,363872,OU,BCD,325,597,M,597
NO,364079,OU,BCB,325,598,F,598
NO,364162,OU,SC,325,599,M,599
NO,364343,OU,BCE,325,600,M,600
NO,364811,OU,BCB,325,601,M,601
NO,365740,OU,BCE,324,602,F,602
NO,365760,OU,BCA,324,603,M,603
NO,365857,OU,SC,324,604,M,604
NO,365882,OU,SC,324,605,F,605
NO,366068,OU,SC,324,606,F,606
NO,366163,OU,BCB,324,607,F,607
NO,366462,OU,SC,324,608,M,608
NO,367198,OU,BCD,324,609,F,609
NO,367558,AU,BCA,324,610,F,610
NO,367884,OU,ST,323,611,F,611
NO,367980,OU,BCD,323,612,F,612
NO,368036,OU,BCB,323,613,M,613
NO,368423,OU,BCD,323,614,F,614
NO,368525,OU,BCB,323,615,F,615
NO,368843,OU,BCE,323,616,F,616
NO,369851,OU,ST,322,617,M,617
NO,369872,OU,SC,322,618,F,618
NO,370124,OU,ST,322,619,F,619
NO,370185,OU,BCD,322,620,F,620
NO,370407,OU,BCD,322,621,F,621
NO,370590,OU,BCE,322,622,F,622
NO,370898,OU,BCA,322,623,M,623
NO,371944,OU,SC,321,624,F,624
NO,372041,OU,BCD,321,625,F,625
NO,372075,OU,BCD,321,626,F,626
NO,372191,OU,BCE,321,627,F,627
EWS,372274,OU,OC,321,628,M,628
NO,372512,OU,OC,321,629,F,629
EWS,372810,OU,OC,321,630,F,630
NO,373041,OU,BCB,321,631,F,631
NO,373205,AU,OC,321,632,F,632
NO,373545,OU,SC,321,633,M,633
NO,374002,OU,SC,320,634,F,634
NO,374128,OU,BCB,320,635,M,635
NO,374342,AU,OC,320,636,F,636
NO,374452,AU,OC,320,637,F,637
NO,374706,SVU,OC,320,638,M,638
NO,375790,OU,BCB,320,639,F,639
NO,376174,OU,SC,320,640,F,640
NO,376510,OU,SC,319,641,F,641
NO,376527,OU,ST,319,642,F,642
NO,376592,OU,ST,319,643,F,643
NO,376728,OU,BCE,319,644,F,644
NO,376789,OU,BCB,319,645,F,645
NO,378394,OU,SC,318,646,F,646
EWS,378539,OU,OC,318,647,F,647
NO,378647,OU,SC,318,648,F,648
NO,378721,OU,BCE,318,649,F,649
NO,378837,OU,BCA,318,650,F,650
NO,379172,OU,BCE,318,651,F,651
NO,379254,OU,BCD,318,652,F,652
NO,380076,AU,OC,318,653,F,653
NO,380529,OU,SC,317,654,F,654
NO,380546,OU,SC,317,655,F,655
NO,380554,OU,BCA,317,656,F,656
NO,380854,OU,BCB,317,657,F,657
NO,381130,OU,SC,317,658,F,658
NO,381669,OU,BCA,317,659,M,659
NO,381914,OU,BCC,317,660,F,660
NO,382102,AU,BCE,317,661,F,661
NO,382951,OU,BCE,316,662,F,662
NO,382964,OU,BCD,316,663,F,663
NO,382987,OU,OC,316,664,F,664
NO,383302,OU,BCB,316,665,F,665
NO,383378,OU,SC,316,666,F,666
NO,383392,OU,BCD,316,667,F,667
NO,383441,OU,BCD,316,668,F,668
NO,383713,OU,SC,316,669,M,669
NO,383785,OU,SC,316,670,F,670
NO,383901,OU,BCE,316,671,F,671
NO,385117,OU,BCB,315,672,F,672
EWS,385126,OU,OC,315,673,F,673
NO,385293,AU,SC,315,674,F,674
NO,385349,OU,BCB,315,675,F,675
NO,385441,OU,SC,315,676,M,676
NO,385883,SVU,BCA,315,677,F,677
NO,387369,OU,BCC,314,678,F,678
NO,387502,OU,BCE,314,679,F,679
NO,387527,OU,SC,314,680,F,680
NO,387663,OU,BCD,314,681,F,681
NO,387731,OU,BCE,314,682,F,682
NO,387995,OU,BCE,314,683,F,683
NO,388030,OU,BCE,314,684,F,684
EWS,388755,OU,OC,314,685,F,685
NO,388872,SVU,BCD,314,686,M,686
NO,389619,OU,BCB,313,687,F,687
NO,389642,OU,BCA,313,688,F,688
NO,389651,OU,SC,313,689,F,689
NO,389813,OU,BCE,313,690,M,690
NO,389861,OU,BCB,313,691,F,691
NO,389934,OU,BCE,313,692,F,692
EWS,390395,OU,OC,313,693,F,693
EWS,390423,OU,OC,313,694,F,694
NO,391296,OU,BCE,313,695,F,695
NO,391302,SVU,OC,313,696,F,696
NO,391675,OU,SC,312,697,F,697
NO,391694,OU,BCB,312,698,F,698
NO,391786,OU,BCD,312,699,F,699
NO,391814,OU,ST,312,700,F,700
NO,391859,OU,SC,312,701,F,701
NO,391933,OU,ST,312,702,F,702
NO,391972,OU,BCB,312,703,F,703
NO,392033,OU,BCB,312,704,F,704
NO,392056,OU,BCB,312,705,M,705
NO,392382,OU,BCE,312,706,F,706
NO,392844,SVU,BCB,312,707,M,707
NO,393196,OU,SC,312,708,F,708
NO,393293,OU,BCD,312,709,F,709
NO,393494,OU,OC,312,710,F,710
NO,394002,SVU,SC,311,711,F,711
NO,394057,OU,OC,311,712,F,712
NO,394232,OU,BCB,311,713,M,713
NO,394458,OU,BCD,311,714,M,714
NO,394482,OU,BCA,311,715,F,715
NO,394587,OU,BCE,311,716,F,716
NO,394709,OU,BCE,311,717,F,717
NO,395264,OU,BCA,311,718,F,718
NO,395608,OU,SC,311,719,M,719
NO,395979,OU,SC,311,720,M,720
NO,396105,OU,ST,310,721,F,721
NO,396213,OU,BCE,310,722,M,722
NO,396283,OU,OC,310,723,F,723
NO,396514,OU,BCE,310,724,F,724
NO,396636,OU,BCE,310,725,F,725
NO,396694,OU,BCE,310,726,F,726
NO,396723,OU,BCD,310,727,F,727
NO,397023,OU,SC,310,728,F,728
NO,398444,OU,ST,309,729,F,729
NO,398632,OU,BCE,309,730,F,730
NO,398805,OU,ST,309,731,F,731
NO,398898,OU,SC,309,732,F,732
NO,398978,OU,BCA,309,733,F,733
EWS,400648,OU,OC,308,734,F,734
NO,400741,OU,SC,308,735,F,735
NO,400957,OU,ST,308,736,F,736
NO,401211,AU,BCD,308,737,F,737
NO,401621,OU,ST,308,738,F,738
NO,401716,OU,SC,308,739,F,739
NO,402832,OU,SC,307,740,F,740
NO,402837,OU,SC,307,741,F,741
NO,402971,AU,ST,307,742,F,742
NO,403274,SVU,OC,307,743,F,743
NO,403297,OU,SC,307,744,F,744
NO,403692,OU,SC,307,745,F,745
NO,405109,OU,BCB,306,746,F,746
NO,405135,OU,BCA,306,747,F,747
NO,405138,OU,SC,306,748,M,748
NO,405178,SVU,SC,306,749,F,749
NO,405254,OU,BCE,306,750,F,750
NO,407491,OU,BCE,305,751,F,751
NO,407512,OU,BCD,305,752,M,752
NO,407599,OU,BCB,305,753,F,753
NO,407706,OU,BCD,305,754,F,754
NO,407746,OU,BCE,305,755,F,755
NO,407915,OU,BCE,305,756,F,756
NO,408031,OU,BCE,305,757,F,757
NO,408035,OU,ST,305,758,F,758
NO,408063,OU,BCB,305,759,F,759
NO,408563,OU,BCA,305,760,F,760
NO,409860,OU,BCE,304,761,F,761
NO,409904,OU,SC,304,762,F,762
NO,409927,OU,BCD,304,763,F,763
NO,409937,OU,SC,304,764,M,764
NO,410033,AU,OC,304,765,F,765
NO,410062,OU,BCB,304,766,M,766
EWS,410295,OU,OC,304,767,F,767
NO,410459,OU,BCE,304,768,F,768
NO,410831,OU,BCB,304,769,F,769
NO,410894,OU,BCA,304,770,F,770
NO,431104,OU,SC,295,771,F,771
EWS,412183,OU,OC,303,772,F,772
NO,412253,OU,BCE,303,773,F,773
NO,412290,OU,BCC,303,774,F,774
NO,412558,OU,BCE,303,775,M,775
NO,412797,OU,ST,303,776,F,776
NO,414134,OU,SC,303,777,M,777
NO,414473,OU,OC,302,778,F,778
NO,414578,OU,BCD,302,779,F,779
NO,414587,OU,BCD,302,780,F,780
NO,414777,OU,BCA,302,781,F,781
NO,414842,OU,BCD,302,782,F,782
NO,414970,OU,BCB,302,783,F,783
NO,415110,SVU,BCA,302,784,F,784
NO,415698,OU,BCE,302,785,M,785
NO,416723,OU,BCA,301,786,F,786
NO,416734,OU,SC,301,787,F,787
NO,416958,OU,BCB,301,788,F,788
NO,418154,OU,SC,301,789,F,789
NO,419053,OU,BCD,300,790,F,790
NO,419213,OU,BCE,300,791,F,791
NO,419304,SVU,BCA,300,792,F,792
NO,419366,OU,ST,300,793,F,793
NO,419523,OU,BCD,300,794,F,794
NO,419587,OU,ST,300,795,M,795
NO,419763,OU,SC,300,796,F,796
NO,419780,SVU,ST,300,797,M,797
NO,420138,OU,OC,300,798,F,798
NO,420266,SVU,BCB,300,799,M,799
NO,420781,OU,BCA,300,800,M,800
NO,421658,OU,SC,299,801,F,801
NO,421680,OU,SC,299,802,F,802
NO,421699,OU,SC,299,803,M,803
NO,421844,OU,BCB,299,804,F,804
NO,422121,OU,SC,299,805,F,805
NO,422820,OU,BCD,299,806,F,806
NO,423836,OU,SC,298,807,F,807
NO,423863,OU,BCD,298,808,F,808
NO,423941,OU,BCE,298,809,M,809
EWS,424039,OU,OC,298,810,F,810
NO,424221,OU,BCB,298,811,F,811
NO,424303,OU,BCE,298,812,M,812
NO,424501,OU,BCB,298,813,F,813
NO,424646,OU,OC,298,814,F,814
NO,425046,OU,BCE,298,815,F,815
NO,425265,OU,OC,298,816,F,816
NO,426039,OU,SC,297,817,M,817
NO,426159,OU,BCE,297,818,F,818
NO,426173,OU,BCC,297,819,F,819
NO,426186,OU,BCE,297,820,F,820
NO,426352,OU,BCB,297,821,F,821
NO,426458,OU,BCC,297,822,F,822
NO,427085,OU,BCB,297,823,F,823
EWS,427474,OU,OC,297,824,F,824
NO,427950,SVU,SC,297,825,F,825
NO,428247,OU,BCE,296,826,F,826
NO,428383,OU,BCC,296,827,F,827
NO,428506,OU,OC,296,828,M,828
NO,428609,OU,BCE,296,829,F,829
NO,428802,OU,BCB,296,830,M,830
NO,428928,OU,BCD,296,831,M,831
NO,429572,SVU,BCA,296,832,M,832
NO,429678,OU,ST,296,833,M,833
NO,430712,OU,SC,295,834,F,834
NO,430817,OU,SC,295,835,F,835
NO,431077,OU,ST,295,836,M,836
EWS,432074,OU,OC,295,837,F,837
NO,432100,OU,BCE,295,838,F,838
NO,433143,OU,BCE,295,839,M,839
NO,433316,OU,BCA,294,840,F,840
NO,433469,OU,BCD,294,841,F,841
NO,433629,OU,BCA,294,842,F,842
NO,433728,OU,SC,294,843,F,843
NO,433751,OU,BCE,294,844,F,844
NO,433935,AU,SC,294,845,F,845
EWS,434060,OU,OC,294,846,F,846
NO,434118,OU,BCB,294,847,F,847
NO,435608,OU,BCB,293,848,F,848
NO,435759,OU,SC,293,849,F,849
NO,435884,AU,OC,293,850,F,850
EWS,435967,OU,OC,293,851,F,851
NO,435994,OU,BCA,293,852,F,852
NO,436064,OU,BCE,293,853,F,853
NO,436282,OU,BCE,293,854,F,854
NO,437982,OU,BCB,293,855,F,855
NO,457917,AU,OC,284,856,F,856
NO,438078,OU,ST,292,857,F,857
NO,438146,AU,ST,292,858,F,858
NO,438242,OU,BCB,292,859,F,859
NO,438279,OU,ST,292,860,M,860
NO,438325,OU,BCD,292,861,F,861
NO,438326,OU,SC,292,862,F,862
NO,438729,OU,SC,292,863,F,863
NO,438734,OU,SC,292,864,F,864
NO,439181,OU,ST,292,865,M,865
NO,440050,OU,SC,292,866,F,866
NO,440575,OU,BCA,291,867,M,867
NO,440632,OU,BCD,291,868,F,868
NO,440774,OU,ST,291,869,F,869
NO,441310,OU,ST,291,870,M,870
NO,441418,AU,BCB,291,871,F,871
NO,441605,OU,BCA,291,872,F,872
NO,441742,OU,BCE,291,873,F,873
NO,442842,AU,BCB,290,874,F,874
NO,443046,OU,BCE,290,875,F,875
NO,443125,OU,BCA,290,876,F,876
NO,443605,OU,BCE,290,877,F,877
NO,443967,OU,BCB,290,878,F,878
NO,444346,OU,BCE,290,879,M,879
EWS,445868,OU,OC,289,880,M,880
NO,445885,OU,BCC,289,881,F,881
NO,445935,OU,BCB,289,882,F,882
NO,445953,OU,BCE,289,883,F,883
NO,446007,OU,BCA,289,884,F,884
NO,446179,OU,BCE,289,885,F,885
NO,446414,OU,OC,289,886,F,886
NO,446698,OU,BCB,289,887,F,887
NO,447882,OU,SC,288,888,F,888
NO,447940,OU,SC,288,889,M,889
NO,448090,OU,ST,288,890,F,890
NO,448312,OU,BCE,288,891,F,891
NO,448438,OU,SC,288,892,F,892
NO,448513,OU,ST,288,893,F,893
NO,449018,OU,SC,288,894,F,894
NO,449894,OU,BCA,288,895,M,895
NO,450666,OU,SC,287,896,M,896
NO,450827,OU,OC,287,897,F,897
NO,453090,AU,BCA,286,898,M,898
NO,453262,SVU,SC,286,899,F,899
NO,453468,OU,BCE,286,900,M,900
NO,453745,OU,BCE,286,901,F,901
EWS,453847,OU,OC,286,902,M,902
NO,453902,OU,SC,286,903,F,903
NO,454461,OU,BCB,286,904,F,904
NO,455701,OU,SC,285,905,F,905
NO,455735,OU,BCE,285,906,F,906
NO,456040,OU,SC,285,907,M,907
NO,456714,OU,ST,285,908,F,908
NO,457149,OU,SC,285,909,F,909
NO,457852,OU,SC,284,910,M,910
NO,457997,AU,SC,284,911,F,911
NO,458025,OU,SC,284,912,F,912
NO,458106,OU,BCB,284,913,M,913
NO,458185,OU,BCA,284,914,F,914
EWS,458964,OU,OC,284,915,F,915
NO,459211,OU,BCB,284,916,M,916
NO,460031,OU,BCB,284,917,F,917
NO,460367,OU,SC,283,918,F,918
NO,460466,OU,SC,283,919,M,919
NO,460487,OU,OC,283,920,F,920
NO,460614,OU,BCE,283,921,F,921
NO,460662,OU,BCE,283,922,F,922
NO,460734,OU,ST,283,923,F,923
NO,461578,OU,SC,283,924,F,924
NO,461986,OU,SC,283,925,F,925
NO,462701,OU,BCD,282,926,F,926
NO,462737,OU,SC,282,927,F,927
NO,462820,OU,BCE,282,928,M,928
NO,462925,OU,BCD,282,929,F,929
NO,462978,OU,BCD,282,930,F,930
NO,463124,OU,BCE,282,931,F,931
NO,463211,OU,BCE,282,932,F,932
NO,463389,AU,BCE,282,933,M,933
NO,465178,OU,BCE,281,934,F,934
NO,465202,OU,BCA,281,935,F,935
NO,465247,OU,BCD,281,936,F,936
NO,465765,OU,BCD,281,937,M,937
NO,465951,OU,OC,281,938,F,938
NO,467653,OU,SC,280,939,F,939
NO,467780,OU,SC,280,940,F,940
NO,467799,OU,BCC,280,941,F,941
NO,467885,OU,BCA,280,942,M,942
NO,468025,AU,OC,280,943,F,943
NO,468419,AU,OC,280,944,F,944
NO,469398,OU,BCE,280,945,F,945
NO,469473,OU,SC,280,946,M,946
NO,470254,OU,BCB,279,947,M,947
NO,470466,OU,BCA,279,948,M,948
NO,470483,OU,BCB,279,949,F,949
NO,470531,OU,SC,279,950,F,950
NO,470865,OU,SC,279,951,M,951
NO,471211,AU,BCB,279,952,F,952
NO,471581,OU,BCE,279,953,F,953
NO,471760,OU,SC,279,954,F,954
NO,471907,OU,ST,279,955,F,955
NO,472916,OU,BCB,278,956,F,956
NO,473018,OU,BCA,278,957,F,957
NO,475562,OU,BCD,277,958,F,958
NO,475627,OU,OC,277,959,F,959
NO,475690,OU,BCD,277,960,F,960
NO,476108,OU,BCA,277,961,F,961
NO,476140,OU,BCE,277,962,F,962
NO,478088,OU,ST,276,963,F,963
NO,478109,OU,ST,276,964,F,964
NO,478142,OU,SC,276,965,F,965
NO,478202,OU,OC,276,966,F,966
NO,478873,SVU,SC,276,967,F,967
NO,479067,OU,BCA,276,968,F,968
NO,480849,AU,SC,275,969,F,969
EWS,480851,OU,OC,275,970,F,970
NO,481134,OU,SC,275,971,F,971
NO,481207,OU,BCA,275,972,F,972
NO,481550,OU,BCE,275,973,M,973
NO,481684,OU,BCE,275,974,F,974
NO,482271,OU,SC,275,975,F,975
NO,483420,OU,BCB,274,976,M,976
NO,483628,OU,BCB,274,977,F,977
NO,484085,OU,BCB,274,978,F,978
NO,484152,OU,SC,274,979,F,979
NO,485344,OU,BCD,274,980,F,980
NO,485963,OU,BCA,273,981,F,981
EWS,486013,OU,OC,273,982,F,982
NO,486086,OU,BCE,273,983,F,983
NO,486119,OU,BCE,273,984,F,984
NO,486328,OU,BCD,273,985,F,985
NO,488786,OU,BCE,272,986,F,986
NO,488801,OU,BCE,272,987,F,987
NO,488816,OU,ST,272,988,M,988
NO,488981,OU,BCB,272,989,F,989
NO,491186,OU,BCD,271,990,F,990
NO,491285,OU,BCE,271,991,F,991
NO,492104,OU,SC,271,992,F,992
NO,492164,OU,BCB,271,993,F,993
NO,492401,OU,BCE,271,994,F,994
NO,493008,SVU,ST,271,995,M,995
NO,493738,OU,BCE,270,996,M,996
NO,494041,OU,BCB,270,997,F,997
NO,494638,OU,BCB,270,998,F,998
NO,495406,AU,BCA,270,999,M,999
NO,495416,OU,OC,270,1000,F,1000
EWS,495416,OU,OC,270,1001,F,1001
NO,496760,OU,SC,269,1002,F,1002
NO,497186,OU,BCA,269,1003,F,1003
NO,497396,OU,OC,269,1004,F,1004
NO,499476,SVU,OC,268,1005,F,1005
NO,499612,OU,OC,268,1006,F,1006
NO,499634,OU,SC,268,1007,M,1007
NO,499675,OU,SC,268,1008,F,1008
NO,499778,OU,BCB,268,1009,F,1009
EWS,499831,OU,OC,268,1010,F,1010
NO,499928,OU,BCB,268,1011,F,1011
NO,500124,OU,ST,268,1012,F,1012
NO,500133,OU,SC,268,1013,F,1013
NO,500780,OU,SC,268,1014,F,1014
NO,500820,OU,OC,268,1015,F,1015
NO,502020,OU,BCA,267,1016,M,1016
NO,502120,AU,BCB,267,1017,F,1017
NO,502493,SVU,BCE,267,1018,F,1018
NO,503050,OU,BCA,267,1019,F,1019
NO,504327,OU,BCE,267,1020,F,1020
EWS,504644,OU,OC,266,1021,F,1021
NO,504734,OU,BCE,266,1022,F,1022
NO,504753,OU,SC,266,1023,M,1023
NO,504991,OU,BCD,266,1024,F,1024
NO,505005,OU,BCD,266,1025,F,1025
NO,505178,OU,BCB,266,1026,F,1026
NO,505234,OU,BCE,266,1027,F,1027
NO,505332,SVU,OC,266,1028,F,1028
NO,505787,OU,BCE,266,1029,F,1029
NO,506443,OU,OC,266,1030,F,1030
EWS,507390,OU,OC,265,1031,F,1031
NO,507504,OU,BCE,265,1032,F,1032
NO,507514,OU,SC,265,1033,F,1033
NO,507546,OU,BCE,265,1034,F,1034
NO,507762,OU,ST,265,1035,F,1035
NO,507846,OU,BCD,265,1036,F,1036
NO,507935,AU,BCE,265,1037,F,1037
NO,508064,OU,BCE,265,1038,M,1038
NO,508448,OU,BCE,265,1039,F,1039
NO,508835,OU,SC,265,1040,F,1040
NO,508919,AU,OC,265,1041,F,1041
EWS,510456,OU,OC,264,1042,M,1042
NO,510749,OU,BCB,264,1043,M,1043
NO,510844,OU,ST,264,1044,F,1044
NO,511584,OU,BCE,264,1045,F,1045
NO,513151,OU,BCD,263,1046,F,1046
NO,513216,OU,SC,263,1047,F,1047
EWS,513270,OU,OC,263,1048,F,1048
NO,513544,OU,BCE,263,1049,F,1049
NO,513863,OU,BCE,263,1050,M,1050
NO,515024,OU,BCB,263,1051,F,1051
EWS,515775,OU,OC,262,1052,F,1052
NO,516573,OU,BCA,262,1053,M,1053
NO,516995,OU,ST,262,1054,F,1054
NO,517547,OU,BCD,262,1055,F,1055
NO,518520,OU,ST,261,1056,F,1056
NO,518554,OU,SC,261,1057,F,1057
NO,518716,OU,SC,261,1058,F,1058
NO,519151,OU,SC,261,1059,F,1059
NO,519479,OU,OC,261,1060,M,1060
NO,519596,OU,BCA,261,1061,F,1061
NO,519654,OU,SC,261,1062,F,1062
NO,521335,OU,SC,260,1063,F,1063
NO,521575,OU,BCD,260,1064,F,1064
NO,521765,AU,BCD,260,1065,M,1065
NO,522145,OU,BCA,260,1066,F,1066
NO,524309,OU,BCB,259,1067,F,1067
NO,524494,SVU,BCB,259,1068,F,1068
NO,525075,SVU,BCB,259,1069,F,1069
NO,525730,OU,BCA,259,1070,F,1070
NO,527305,OU,BCB,258,1071,F,1071
NO,527325,OU,BCB,258,1072,M,1072
NO,527514,AU,SC,258,1073,F,1073
NO,528494,OU,BCA,258,1074,F,1074
NO,529816,OU,SC,257,1075,F,1075
NO,530064,OU,BCE,257,1076,M,1076
NO,530462,OU,BCB,257,1077,F,1077
NO,530725,OU,ST,257,1078,F,1078
NO,531568,OU,ST,257,1079,M,1079
NO,532553,OU,BCE,256,1080,F,1080
NO,532658,OU,BCD,256,1081,M,1081
NO,532796,OU,BCB,256,1082,F,1082
NO,532980,OU,ST,256,1083,F,1083
NO,533490,OU,BCD,256,1084,F,1084
NO,533924,OU,BCA,256,1085,F,1085
NO,535411,OU,BCE,255,1086,F,1086
NO,535636,OU,BCB,255,1087,F,1087
NO,536083,OU,SC,255,1088,F,1088
NO,536492,OU,SC,255,1089,F,1089
NO,538974,OU,BCE,254,1090,F,1090
NO,539183,OU,ST,254,1091,F,1091
NO,539276,OU,OC,254,1092,F,1092
NO,539992,OU,OC,254,1093,F,1093
NO,541384,OU,SC,253,1094,F,1094
NO,541678,OU,BCA,253,1095,F,1095
NO,541705,AU,SC,253,1096,F,1096
EWS,541731,OU,OC,253,1097,F,1097
NO,541810,OU,SC,253,1098,F,1098
NO,542617,OU,BCD,253,1099,M,1099
NO,542711,OU,BCE,253,1100,F,1100
NO,543175,OU,BCD,253,1101,F,1101
NO,543359,OU,ST,253,1102,F,1102
NO,544325,OU,BCE,252,1103,F,1103
NO,544362,OU,BCA,252,1104,F,1104
NO,544656,OU,BCD,252,1105,F,1105
NO,544690,AU,SC,252,1106,F,1106
NO,544860,OU,SC,252,1107,F,1107
NO,544916,OU,BCB,252,1108,F,1108
NO,544959,AU,OC,252,1109,M,1109
NO,545017,OU,SC,252,1110,F,1110
NO,545478,OU,BCB,252,1111,F,1111
NO,546222,OU,SC,252,1112,F,1112
NO,546399,OU,SC,252,1113,F,1113
NO,546998,SVU,OC,251,1114,M,1114
NO,547038,OU,BCA,251,1115,M,1115
NO,547106,OU,BCA,251,1116,F,1116
NO,547195,OU,SC,251,1117,F,1117
NO,547369,OU,BCE,251,1118,F,1118
EWS,547773,OU,OC,251,1119,F,1119
NO,547816,OU,BCE,251,1120,F,1120
NO,547866,AU,OC,251,1121,F,1121
NO,547935,OU,BCE,251,1122,F,1122
NO,548196,OU,BCD,251,1123,M,1123
NO,548992,OU,BCB,251,1124,F,1124
NO,550072,OU,BCD,250,1125,M,1125
NO,550405,OU,SC,250,1126,F,1126
EWS,551099,OU,OC,250,1127,F,1127
NO,551202,SVU,SC,250,1128,F,1128
NO,552992,OU,BCB,249,1129,M,1129
NO,554205,SVU,BCE,249,1130,F,1130
NO,554361,OU,BCE,249,1131,F,1131
NO,554411,OU,ST,249,1132,F,1132
NO,555981,OU,SC,248,1133,F,1133
NO,556246,OU,SC,248,1134,F,1134
NO,556421,OU,BCE,248,1135,M,1135
NO,559005,OU,OC,247,1136,M,1136
NO,559049,OU,SC,247,1137,M,1137
NO,559137,OU,BCE,247,1138,F,1138
NO,559317,OU,BCD,247,1139,F,1139
NO,560167,OU,BCA,247,1140,F,1140
NO,561873,OU,ST,246,1141,F,1141
NO,562017,OU,BCB,246,1142,F,1142
NO,562104,OU,BCD,246,1143,F,1143
NO,562206,SVU,SC,246,1144,F,1144
NO,562370,AU,OC,246,1145,F,1145
NO,562564,OU,BCB,246,1146,F,1146
NO,563481,OU,BCB,246,1147,F,1147
NO,564879,OU,BCE,245,1148,M,1148
NO,564963,AU,OC,245,1149,F,1149
NO,565254,OU,BCA,245,1150,F,1150
NO,568026,OU,BCD,244,1151,M,1151
NO,568203,OU,BCB,244,1152,F,1152
NO,569815,OU,OC,244,1153,F,1153
NO,569987,OU,BCE,244,1154,M,1154
NO,570839,OU,SC,243,1155,F,1155
EWS,570904,OU,OC,243,1156,F,1156
NO,571423,OU,SC,243,1157,M,1157
NO,571925,AU,OC,243,1158,F,1158
NO,572094,OU,SC,243,1159,F,1159
NO,572809,OU,SC,243,1160,M,1160
NO,574112,OU,BCA,242,1161,F,1161
NO,574301,AU,SC,242,1162,F,1162
NO,574602,OU,BCB,242,1163,F,1163
NO,575526,AU,BCE,242,1164,M,1164
NO,599035,OU,SC,234,1165,F,1165
NO,576933,OU,BCE,241,1166,F,1166
NO,577344,OU,SC,241,1167,F,1167
NO,578876,OU,BCE,241,1168,F,1168
NO,579772,OU,ST,240,1169,M,1169
NO,580392,SVU,BCA,240,1170,M,1170
NO,580483,OU,BCA,240,1171,F,1171
NO,580748,OU,SC,240,1172,F,1172
NO,580776,OU,BCA,240,1173,M,1173
NO,581231,OU,BCA,240,1174,F,1174
NO,581353,OU,SC,240,1175,F,1175
NO,583458,OU,SC,239,1176,F,1176
NO,583713,OU,BCE,239,1177,F,1177
NO,583871,AU,SC,239,1178,F,1178
NO,584565,OU,BCE,239,1179,F,1179
NO,584668,OU,BCB,239,1180,F,1180
NO,585236,OU,OC,239,1181,F,1181
NO,585342,AU,OC,239,1182,F,1182
NO,586122,OU,SC,238,1183,M,1183
NO,586434,OU,BCE,238,1184,F,1184
EWS,586791,OU,OC,238,1185,M,1185
NO,586825,SVU,SC,238,1186,F,1186
NO,586846,OU,OC,238,1187,F,1187
EWS,587233,OU,OC,238,1188,F,1188
NO,587818,OU,SC,238,1189,F,1189
NO,587845,OU,BCB,238,1190,F,1190
NO,589690,OU,BCA,237,1191,F,1191
NO,590437,OU,SC,237,1192,F,1192
NO,591041,OU,SC,237,1193,F,1193
NO,592492,OU,SC,236,1194,M,1194
NO,592719,AU,ST,236,1195,F,1195
NO,592845,OU,SC,236,1196,F,1196
NO,594908,SVU,BCE,236,1197,F,1197
NO,595265,OU,BCD,235,1198,F,1198
NO,595349,OU,SC,235,1199,M,1199
NO,595376,OU,BCE,235,1200,F,1200
NO,595408,OU,SC,235,1201,F,1201
NO,595438,AU,SC,235,1202,F,1202
NO,595525,OU,SC,235,1203,F,1203
NO,595736,OU,BCA,235,1204,F,1204
NO,596569,OU,BCA,235,1205,M,1205
EWS,596651,OU,OC,235,1206,F,1206
NO,596762,OU,BCD,235,1207,F,1207
NO,598662,OU,BCE,234,1208,F,1208
NO,598733,OU,SC,234,1209,F,1209
NO,598999,OU,BCB,234,1210,M,1210
NO,599037,OU,SC,234,1211,F,1211
NO,599185,OU,BCB,234,1212,F,1212
NO,599628,OU,BCE,234,1213,F,1213
NO,599939,AU,OC,234,1214,F,1214
NO,600322,OU,SC,234,1215,F,1215
NO,600727,OU,BCB,234,1216,F,1216
NO,602458,OU,SC,233,1217,F,1217
NO,602584,OU,BCA,233,1218,F,1218
NO,603376,OU,BCE,233,1219,F,1219
NO,604929,OU,SC,232,1220,F,1220
NO,605141,OU,SC,232,1221,F,1221
NO,605255,OU,BCD,232,1222,F,1222
NO,605658,OU,SC,232,1223,M,1223
NO,605707,OU,BCB,232,1224,F,1224
NO,606366,OU,ST,232,1225,F,1225
NO,607521,OU,SC,232,1226,F,1226
NO,607701,OU,BCE,231,1227,M,1227
NO,607929,OU,BCE,231,1228,F,1228
NO,608058,OU,SC,231,1229,F,1229
NO,609587,OU,BCA,231,1230,F,1230
NO,612010,OU,SC,230,1231,F,1231
NO,613027,AU,BCD,230,1232,F,1232
NO,613798,OU,BCE,230,1233,F,1233
NO,614195,OU,BCA,230,1234,M,1234
NO,614561,OU,SC,229,1235,F,1235
NO,614563,OU,SC,229,1236,F,1236
NO,614658,OU,BCA,229,1237,F,1237
NO,616019,OU,BCB,229,1238,F,1238
NO,617478,OU,BCB,229,1239,F,1239
NO,617630,OU,BCE,228,1240,M,1240
NO,617696,OU,SC,228,1241,M,1241
NO,618228,OU,OC,228,1242,F,1242
NO,618767,OU,BCD,228,1243,F,1243
NO,640790,OU,OC,221,1244,F,1244
NO,620912,OU,BCD,227,1245,F,1245
NO,621218,OU,SC,227,1246,F,1246
NO,621406,SVU,BCE,227,1247,F,1247
NO,621486,OU,SC,227,1248,F,1248
NO,621612,OU,OC,227,1249,M,1249
NO,622267,OU,SC,227,1250,F,1250
NO,623274,OU,SC,227,1251,F,1251
NO,624296,OU,ST,226,1252,F,1252
NO,624484,OU,SC,226,1253,M,1253
EWS,625362,OU,OC,226,1254,M,1254
NO,625979,OU,BCE,226,1255,F,1255
NO,627430,OU,BCA,225,1256,F,1256
NO,627555,OU,SC,225,1257,F,1257
NO,628041,SVU,BCE,225,1258,F,1258
NO,628117,OU,ST,225,1259,F,1259
NO,628250,OU,BCD,225,1260,F,1260
EWS,631056,OU,OC,224,1261,F,1261
NO,631072,OU,SC,224,1262,F,1262
EWS,631100,OU,OC,224,1263,F,1263
NO,631832,AU,OC,224,1264,F,1264
NO,634492,OU,SC,223,1265,F,1265
NO,634681,OU,SC,223,1266,F,1266
NO,634761,OU,BCD,223,1267,F,1267
NO,634874,OU,SC,223,1268,M,1268
NO,636207,OU,SC,223,1269,M,1269
NO,636372,OU,OC,223,1270,M,1270
NO,636419,OU,BCE,223,1271,M,1271
NO,637310,OU,BCB,222,1272,M,1272
EWS,637340,OU,OC,222,1273,F,1273
NO,637477,OU,SC,222,1274,F,1274
NO,637652,OU,BCC,222,1275,F,1275
NO,638136,OU,SC,222,1276,F,1276
EWS,640986,OU,OC,221,1277,F,1277
EWS,641020,OU,OC,221,1278,F,1278
NO,641042,OU,SC,221,1279,M,1279
NO,641364,OU,OC,221,1280,F,1280
NO,641385,OU,SC,221,1281,M,1281
NO,641619,OU,BCB,221,1282,F,1282
NO,643129,OU,ST,221,1283,M,1283
NO,644730,OU,SC,220,1284,F,1284
NO,645176,OU,OC,220,1285,F,1285
NO,647655,OU,BCA,219,1286,F,1286
NO,647733,OU,BCB,219,1287,F,1287
NO,647746,OU,BCB,219,1288,F,1288
NO,648174,AU,SC,219,1289,F,1289
NO,648176,OU,BCE,219,1290,F,1290
NO,648716,OU,BCD,219,1291,F,1291
EWS,651161,OU,OC,218,1292,F,1292
NO,652014,OU,BCD,218,1293,M,1293
NO,654469,OU,BCE,217,1294,F,1294
NO,655717,OU,SC,217,1295,F,1295
NO,655846,OU,BCB,217,1296,F,1296
NO,656024,AU,OC,217,1297,M,1297
NO,657254,OU,SC,217,1298,F,1298
NO,657441,OU,BCA,216,1299,F,1299
NO,657850,OU,BCE,216,1300,F,1300
EWS,657896,OU,OC,216,1301,F,1301
NO,660766,OU,BCE,215,1302,F,1302
NO,661060,OU,BCD,215,1303,F,1303
NO,664104,OU,ST,215,1304,F,1304
NO,665120,OU,SC,214,1305,F,1305
NO,665678,OU,BCD,214,1306,F,1306
NO,668055,OU,OC,213,1307,F,1307
EWS,668461,OU,OC,213,1308,F,1308
NO,669053,OU,SC,213,1309,F,1309
NO,671448,OU,BCD,212,1310,F,1310
NO,672974,OU,ST,212,1311,F,1311
NO,673049,OU,BCE,212,1312,F,1312
EWS,673654,OU,OC,212,1313,F,1313
NO,674958,OU,BCB,211,1314,F,1314
NO,676198,AU,BCA,211,1315,F,1315
NO,678048,OU,OC,211,1316,F,1316
NO,678628,OU,SC,210,1317,M,1317
NO,679556,OU,BCA,210,1318,F,1318
EWS,680007,OU,OC,210,1319,F,1319
NO,682055,OU,BCA,209,1320,F,1320
NO,682268,AU,BCB,209,1321,F,1321
NO,682402,SVU,OC,209,1322,F,1322
NO,684209,OU,SC,209,1323,F,1323
NO,685731,OU,BCB,208,1324,F,1324
NO,685800,OU,SC,208,1325,F,1325
NO,685860,OU,BCE,208,1326,F,1326
NO,685991,OU,BCE,208,1327,F,1327
NO,685994,OU,BCA,208,1328,M,1328
NO,686326,OU,BCE,208,1329,F,1329
NO,686450,OU,BCA,208,1330,F,1330
NO,686472,OU,OC,208,1331,F,1331
NO,686693,OU,OC,208,1332,F,1332
NO,688000,SVU,OC,208,1333,F,1333
NO,688499,OU,BCD,208,1334,F,1334
NO,690135,OU,ST,207,1335,M,1335
NO,691194,OU,SC,207,1336,F,1336
NO,692540,OU,SC,206,1337,M,1337
NO,692601,OU,SC,206,1338,F,1338
NO,692678,OU,BCB,206,1339,F,1339
NO,692907,OU,BCE,206,1340,F,1340
NO,694239,OU,BCD,206,1341,F,1341
NO,694253,OU,SC,206,1342,F,1342
NO,694598,OU,BCB,206,1343,M,1343
NO,695009,OU,SC,206,1344,F,1344
NO,700415,OU,SC,204,1345,F,1345
NO,700579,OU,SC,204,1346,F,1346
NO,704715,OU,BCE,203,1347,M,1347
NO,704871,OU,ST,203,1348,F,1348
NO,707648,OU,BCA,202,1349,F,1349
NO,708381,OU,BCD,202,1350,F,1350
NO,708418,OU,BCE,202,1351,F,1351
NO,708455,OU,ST,202,1352,F,1352
NO,708610,OU,BCB,202,1353,F,1353
NO,708794,AU,OC,202,1354,F,1354
NO,710116,OU,BCA,202,1355,M,1355
NO,711605,OU,BCB,201,1356,F,1356
NO,712547,AU,OC,201,1357,F,1357
NO,715042,OU,ST,200,1358,F,1358
NO,715504,OU,BCA,200,1359,F,1359
NO,715582,OU,BCB,200,1360,F,1360
NO,716959,OU,SC,200,1361,F,1361
NO,717824,OU,BCD,200,1362,M,1362
NO,718853,OU,BCE,199,1363,M,1363
NO,719087,SVU,BCE,199,1364,M,1364
EWS,719490,OU,OC,199,1365,F,1365
NO,719520,OU,BCB,199,1366,M,1366
NO,720050,OU,BCA,199,1367,F,1367
NO,723498,OU,OC,198,1368,F,1368
NO,724464,OU,SC,198,1369,F,1369
EWS,726330,OU,OC,197,1370,F,1370
NO,726690,OU,BCE,197,1371,M,1371
NO,726844,OU,BCE,197,1372,F,1372
NO,730386,OU,ST,196,1373,M,1373
NO,731041,OU,BCD,196,1374,M,1374
NO,732238,OU,SC,196,1375,M,1375
NO,733211,OU,BCA,196,1376,F,1376
EWS,734751,OU,OC,195,1377,M,1377
NO,738001,AU,SC,194,1378,F,1378
NO,739884,OU,BCE,194,1379,F,1379
NO,744107,AU,OC,193,1380,F,1380
NO,745712,OU,BCC,192,1381,F,1381
NO,746029,OU,ST,192,1382,F,1382
NO,746570,OU,ST,192,1383,F,1383
NO,746727,OU,BCA,192,1384,F,1384
NO,749188,OU,BCE,191,1385,F,1385
NO,750666,AU,BCB,191,1386,F,1386
NO,753539,OU,OC,190,1387,F,1387
NO,754369,OU,BCD,190,1388,F,1388
NO,755101,OU,BCE,190,1389,F,1389
NO,759457,OU,OC,189,1390,F,1390
NO,759669,OU,BCA,189,1391,F,1391
NO,762705,AU,BCE,188,1392,F,1392
EWS,765283,OU,OC,187,1393,F,1393
NO,765376,SVU,BCA,187,1394,F,1394
NO,765601,OU,OC,187,1395,F,1395
NO,766666,OU,BCE,187,1396,F,1396
NO,770441,OU,BCB,186,1397,F,1397
NO,770999,OU,ST,186,1398,F,1398
NO,772149,OU,BCB,186,1399,M,1399
NO,773750,SVU,SC,185,1400,F,1400
NO,774189,AU,SC,185,1401,M,1401
NO,775085,OU,OC,185,1402,F,1402
NO,776777,OU,BCA,185,1403,M,1403
NO,778095,OU,BCE,184,1404,F,1404
NO,778859,OU,OC,184,1405,F,1405
NO,779365,OU,ST,184,1406,M,1406
NO,780919,AU,ST,184,1407,F,1407
NO,782742,OU,SC,183,1408,M,1408
NO,783395,OU,OC,183,1409,F,1409
NO,784609,OU,OC,183,1410,F,1410
NO,787050,OU,BCB,182,1411,F,1411
NO,789499,OU,BCD,182,1412,M,1412
NO,790177,OU,BCB,181,1413,M,1413
NO,790365,OU,BCE,181,1414,M,1414
EWS,790454,OU,OC,181,1415,F,1415
NO,791312,OU,BCE,181,1416,F,1416
NO,792851,OU,SC,181,1417,M,1417
NO,794538,OU,SC,180,1418,F,1418
NO,795238,OU,BCE,180,1419,F,1419
EWS,799694,OU,OC,179,1420,F,1420
NO,799709,OU,BCB,179,1421,M,1421
NO,800649,OU,SC,179,1422,F,1422
NO,801041,AU,OC,179,1423,F,1423
EWS,801334,OU,OC,179,1424,F,1424
NO,801583,OU,SC,179,1425,M,1425
NO,803302,OU,OC,178,1426,M,1426
NO,803368,OU,BCD,178,1427,F,1427
NO,803829,OU,BCE,178,1428,F,1428
NO,804334,OU,BCD,178,1429,F,1429
NO,805274,OU,ST,178,1430,F,1430
NO,805461,OU,SC,178,1431,F,1431
NO,807291,OU,BCA,177,1432,F,1432
NO,808471,OU,ST,177,1433,F,1433
NO,813918,SVU,OC,176,1434,F,1434
NO,816642,OU,BCB,175,1435,M,1435
NO,817087,OU,BCE,175,1436,F,1436
NO,817510,OU,SC,175,1437,M,1437
NO,817742,OU,BCB,175,1438,F,1438
NO,819103,OU,BCE,175,1439,F,1439
NO,821485,OU,SC,174,1440,F,1440
NO,821707,OU,ST,174,1441,F,1441
NO,822419,OU,SC,174,1442,M,1442
NO,823519,OU,BCB,174,1443,M,1443
NO,825383,OU,SC,173,1444,F,1444
NO,825634,OU,BCE,173,1445,F,1445
EWS,825751,OU,OC,173,1446,F,1446
NO,827340,OU,BCD,173,1447,F,1447
NO,827840,OU,BCD,173,1448,F,1448
NO,828153,OU,BCB,173,1449,F,1449
NO,829317,OU,SC,173,1450,F,1450
NO,829925,OU,BCE,172,1451,F,1451
NO,832716,OU,OC,172,1452,F,1452
NO,835662,OU,SC,171,1453,M,1453
NO,838391,OU,SC,170,1454,F,1454
NO,839207,OU,SC,170,1455,F,1455
NO,839574,OU,SC,170,1456,F,1456
NO,839807,OU,BCE,170,1457,F,1457
EWS,843137,OU,OC,170,1458,F,1458
NO,843452,OU,ST,169,1459,M,1459
NO,844440,OU,ST,169,1460,M,1460
NO,845622,OU,BCE,169,1461,F,1461
NO,849582,OU,OC,168,1462,F,1462
NO,850540,OU,BCB,168,1463,M,1463
NO,854286,OU,BCE,167,1464,F,1464
NO,854464,AU,BCA,167,1465,F,1465
NO,857681,OU,SC,166,1466,F,1466
NO,858244,OU,BCE,166,1467,F,1467
NO,859733,OU,BCD,166,1468,M,1468
NO,860112,OU,SC,166,1469,F,1469
NO,862171,OU,BCB,165,1470,F,1470
NO,863619,OU,BCE,165,1471,F,1471
NO,866140,AU,BCC,165,1472,M,1472
NO,866361,OU,BCB,165,1473,F,1473
NO,868044,OU,BCE,164,1474,F,1474
NO,868912,OU,SC,164,1475,F,1475
NO,871580,OU,BCB,163,1476,M,1476
NO,871776,OU,BCA,163,1477,F,1477
NO,871916,OU,SC,163,1478,F,1478
NO,872233,OU,SC,163,1479,M,1479
NO,872698,OU,SC,163,1480,F,1480
NO,872907,OU,SC,163,1481,F,1481
NO,876234,AU,SC,162,1482,F,1482
NO,877076,OU,BCD,162,1483,F,1483
EWS,878621,OU,OC,162,1484,F,1484
NO,880747,OU,BCB,161,1485,F,1485
NO,880964,OU,BCD,161,1486,F,1486
NO,881316,OU,BCC,161,1487,F,1487
NO,881355,OU,BCB,161,1488,F,1488
NO,881871,OU,BCA,161,1489,F,1489
NO,882101,OU,BCD,161,1490,F,1490
EWS,882234,OU,OC,161,1491,F,1491
NO,882613,OU,SC,161,1492,M,1492
NO,885986,OU,BCA,160,1493,M,1493
NO,886024,OU,SC,160,1494,F,1494
NO,886060,OU,ST,160,1495,F,1495
NO,886273,OU,BCE,160,1496,F,1496
EWS,891787,OU,OC,159,1497,F,1497
NO,893097,OU,ST,159,1498,F,1498
NO,900268,OU,BCB,157,1499,F,1499
NO,900551,OU,BCE,157,1500,F,1500
NO,904031,OU,BCE,157,1501,M,1501
NO,905387,OU,OC,156,1502,M,1502
EWS,909161,OU,OC,156,1503,F,1503
NO,911585,OU,SC,155,1504,M,1504
NO,911951,OU,ST,155,1505,M,1505
NO,916605,OU,BCA,154,1506,F,1506
NO,916788,OU,BCA,154,1507,F,1507
NO,917001,OU,BCB,154,1508,F,1508
NO,917144,OU,BCA,154,1509,F,1509
EWS,918683,OU,OC,154,1510,F,1510
NO,920113,OU,OC,154,1511,F,1511
NO,921948,OU,BCD,153,1512,F,1512
NO,922329,OU,BCB,153,1513,M,1513
NO,923767,OU,OC,153,1514,M,1514
NO,925330,OU,BCE,153,1515,F,1515
NO,925699,OU,BCD,152,1516,M,1516
NO,925873,OU,BCE,152,1517,F,1517
NO,928007,OU,BCB,152,1518,F,1518
NO,929044,OU,BCB,152,1519,F,1519
NO,929875,OU,SC,152,1520,F,1520
NO,931041,AU,SC,151,1521,F,1521
NO,931779,OU,BCE,151,1522,F,1522
NO,932330,OU,BCB,151,1523,F,1523
NO,934403,OU,SC,151,1524,F,1524
NO,935381,OU,SC,151,1525,F,1525
NO,935738,OU,BCE,150,1526,F,1526
NO,936463,OU,BCE,150,1527,F,1527
NO,936522,OU,BCE,150,1528,F,1528
NO,941929,OU,BCA,150,1529,F,1529
NO,944643,OU,BCE,149,1530,F,1530
NO,971411,AU,OC,144,1531,F,1531
NO,949193,OU,BCB,148,1532,M,1532
EWS,954079,OU,OC,147,1533,F,1533
NO,956661,OU,BCE,147,1534,F,1534
NO,957735,OU,BCB,146,1535,M,1535
NO,957904,OU,BCE,146,1536,F,1536
NO,960338,OU,BCB,146,1537,F,1537
NO,970022,OU,ST,144,1538,M,1538
NO,971577,OU,SC,144,1539,F,1539
NO,971752,OU,OC,144,1540,F,1540
NO,972134,OU,BCB,144,1541,F,1541
NO,974888,OU,OC,143,1542,F,1542
NO,975209,AU,OC,143,1543,F,1543
NO,979263,OU,BCD,143,1544,F,1544
NO,980259,OU,BCA,142,1545,M,1545
NO,983097,OU,SC,142,1546,F,1546
NO,985731,SVU,BCD,141,1547,F,1547
NO,990688,OU,BCB,140,1548,F,1548
NO,992608,OU,SC,140,1549,F,1549
NO,999203,OU,SC,139,1550,M,1550
NO,1001396,OU,BCD,139,1551,F,1551
NO,1004685,OU,BCE,138,1552,F,1552
NO,1005747,OU,BCA,138,1553,F,1553
NO,1008935,OU,OC,137,1554,F,1554
NO,1010654,OU,SC,137,1555,F,1555
NO,1016117,SVU,BCE,136,1556,M,1556
NO,1016127,OU,BCD,136,1557,F,1557
NO,1020487,OU,BCE,135,1558,F,1558
NO,1021408,OU,BCE,135,1559,F,1559
NO,1021661,OU,BCD,135,1560,F,1560
NO,1023222,OU,BCE,135,1561,F,1561
NO,1025259,OU,ST,135,1562,F,1562
NO,1028008,OU,BCE,134,1563,F,1563
NO,1032434,OU,ST,134,1564,M,1564
NO,1032570,OU,SC,134,1565,F,1565
NO,1033968,OU,BCB,133,1566,F,1566
NO,1037708,AU,BCE,133,1567,F,1567
NO,1039764,OU,SC,132,1568,F,1568
NO,1041643,OU,BCE,132,1569,M,1569
NO,1045038,OU,BCE,131,1570,F,1570
NO,1045750,OU,SC,131,1571,F,1571
NO,1049088,SVU,BCB,131,1572,F,1572
NO,1072539,OU,BCB,127,1573,F,1573
NO,1055799,OU,SC,130,1574,F,1574
NO,1055992,OU,BCB,130,1575,F,1575
NO,1057866,NL,SC,130,1576,F,1576
NO,1059366,OU,BCB,129,1577,F,1577
NO,1059784,OU,ST,129,1578,F,1578
NO,1060565,OU,BCE,129,1579,F,1579
NO,1064508,OU,SC,129,1580,F,1580
NO,1066930,OU,BCA,128,1581,F,1581
NO,1073008,OU,SC,127,1582,M,1582
NO,1073843,SVU,OC,127,1583,F,1583
NO,1076378,OU,BCB,127,1584,F,1584
NO,1078577,SVU,BCB,126,1585,M,1585
NO,1081373,OU,BCB,126,1586,M,1586
NO,1083659,OU,BCA,125,1587,M,1587
NO,1083702,OU,BCB,125,1588,M,1588
NO,1094202,OU,OC,124,1589,F,1589
NO,1094265,OU,SC,124,1590,F,1590
NO,1098457,OU,SC,123,1591,F,1591
NO,1101197,OU,BCE,123,1592,F,1592
NO,1102932,OU,ST,123,1593,F,1593
NO,1103159,AU,OC,123,1594,F,1594
NO,1105783,OU,BCB,122,1595,F,1595
NO,1106124,OU,OC,122,1596,F,1596
NO,1108482,OU,ST,122,1597,F,1597
NO,1108634,SVU,BCA,122,1598,F,1598
NO,1108635,OU,SC,122,1599,F,1599
NO,1110434,OU,SC,121,1600,F,1600
NO,1144080,OU,BCB,117,1601,F,1601
NO,1119025,OU,SC,120,1602,F,1602
NO,1122808,OU,SC,120,1603,M,1603
NO,1122909,OU,BCD,120,1604,F,1604
NO,1127213,OU,BCD,119,1605,F,1605
NO,1129670,OU,BCE,119,1606,F,1606
NO,1132419,OU,SC,119,1607,F,1607
NO,1137517,SVU,ST,118,1608,F,1608
NO,1146957,OU,BCE,116,1609,M,1609
NO,1147129,OU,BCD,116,1610,F,1610
NO,1153339,OU,ST,115,1611,F,1611
NO,1153360,OU,ST,115,1612,F,1612
NO,1161432,OU,SC,115,1613,F,1613
NO,1162292,OU,BCB,115,1614,M,1614
NO,1164443,OU,BCD,114,1615,F,1615
NO,1165400,OU,BCB,114,1616,M,1616
NO,1167887,OU,BCB,114,1617,M,1617
NO,1168295,OU,BCA,114,1618,F,1618
NO,1170017,OU,SC,113,1619,F,1619
NO,1170655,OU,SC,113,1620,M,1620
NO,1170757,OU,BCB,113,1621,F,1621
NO,1172176,OU,BCE,113,1622,M,1622
NO,1172845,SVU,BCC,113,1623,F,1623
NO,1175408,OU,BCE,113,1624,M,1624
NO,1176365,SVU,SC,112,1625,F,1625
NO,1185448,OU,SC,111,1626,F,1626
NO,1191440,OU,BCA,110,1627,F,1627
NO,1191692,OU,BCD,110,1628,F,1628
NO,1193504,OU,SC,110,1629,F,1629
NO,1194916,OU,BCB,110,1630,F,1630
NO,1199038,OU,BCA,110,1631,M,1631
NO,1204393,OU,BCA,109,1632,F,1632
NO,1208882,AU,BCA,108,1633,F,1633
NO,1211610,OU,SC,108,1634,F,1634
NO,1211930,OU,SC,108,1635,F,1635
NO,1215728,OU,BCD,107,1636,M,1636
NO,1216963,OU,BCE,107,1637,F,1637
NO,1219816,OU,BCD,107,1638,F,1638
NO,1251038,OU,BCE,103,1639,F,1639
