,NEET Rank,NEET Roll No,NEET Score,Gender,Category,Local,EWS,State Rank
0,81483.0,1206090310.0,529.0,F,OC,AU,NO,1
1,86550.0,1220010253.0,523.0,F,OC,AU,NO,2
2,88452.0,1213010278.0,521.0,F,BC-D,AU,YES,3
3,92411.0,1212040336.0,517.0,M,OC,SVU,YES,4
4,100478.0,1204040345.0,508.0,F,OC,SVU,NO,5
5,102303.0,1206150026.0,506.0,F,BC-D,AU,NO,6
6,103573.0,1203030575.0,505.0,F,OC,SVU,YES,7
7,106390.0,1205200345.0,502.0,F,OC,AU,YES,8
8,114881.0,4204020019.0,494.0,F,BC-B,SVU,NO,9
9,116220.0,2712070364.0,492.0,F,BC-B,SVU,NO,10
10,119753.0,1220030118.0,489.0,M,OC,AU,NO,11
11,120672.0,1229010057.0,488.0,F,BC-D,AU,NO,12
12,122664.0,1224010120.0,486.0,F,BC-B,AU,NO,13
13,123859.0,1205020489.0,485.0,F,OC,SVU,NO,14
14,123975.0,1220020163.0,485.0,F,BC-B,AU,NO,15
15,124653.0,1204030043.0,484.0,F,OC,SVU,NO,16
16,124914.0,1224040076.0,484.0,M,BC-B,AU,NO,17
17,127818.0,3921010547.0,481.0,F,OC,SVU,NO,18
18,130105.0,1201090084.0,479.0,F,OC,AU,NO,19
19,131025.0,4204010209.0,478.0,F,OC,AU,NO,20
20,137365.0,1206140055.0,472.0,F,OC,AU,YES,21
21,143071.0,4204010333.0,467.0,F,BC-B,SVU,YES,22
22,144312.0,1201010201.0,466.0,F,OC,AU,NO,23
23,147651.0,1205200067.0,463.0,M,BC-B,SVU,NO,24
24,148092.0,1206150014.0,463.0,F,BC-D,AU,NO,25
25,152507.0,1225030029.0,459.0,F,BC-A,NL,NO,26
26,152848.0,1205220167.0,459.0,F,OC,AU,NO,27
27,153595.0,1205130210.0,458.0,F,OC,SVU,NO,28
28,154463.0,1225010017.0,457.0,F,BC-B,AU,NO,29
29,154617.0,1201030322.0,457.0,F,BC-B,AU,NO,30
30,158867.0,1206070262.0,454.0,F,BC-D,AU,YES,31
31,159260.0,1204030532.0,453.0,F,OC,SVU,YES,32
32,160009.0,1205210190.0,453.0,F,BC-B,AU,NO,33
33,160088.0,1212010919.0,453.0,F,OC,SVU,NO,34
34,160454.0,1205040791.0,452.0,F,BC-E,SVU,NO,35
35,160636.0,1201030096.0,452.0,F,OC,AU,NO,36
36,160687.0,1221020400.0,452.0,M,BC-E,SVU,NO,37
37,162114.0,1205220034.0,451.0,F,BC-D,AU,NO,38
38,165452.0,1222040075.0,448.0,F,OC,AU,NO,39
39,165493.0,1203010034.0,448.0,F,BC-B,SVU,NO,40
40,167874.0,4201180325.0,446.0,F,BC-D,AU,YES,41
41,172781.0,1203050067.0,442.0,F,OC,SVU,YES,42
42,175157.0,1219010307.0,440.0,F,OC,SVU,NO,43
43,176467.0,1203020234.0,439.0,F,BC-B,SVU,NO,44
44,178913.0,1203020323.0,437.0,F,OC,SVU,NO,45
45,181664.0,1203040336.0,435.0,F,BC-A,SVU,NO,46
46,184844.0,1202010641.0,433.0,F,BC-E,SVU,NO,47
47,185350.0,1205010167.0,432.0,F,BC-E,SVU,NO,48
48,185351.0,1228010278.0,432.0,F,BC-A,AU,NO,49
49,185512.0,1201060119.0,432.0,F,BC-D,AU,NO,50
50,186695.0,1205120083.0,431.0,F,BC-D,AU,NO,51
51,188182.0,1202070162.0,430.0,F,BC-B,SVU,NO,52
52,189715.0,1205060075.0,429.0,M,BC-B,SVU,YES,53
53,191799.0,1212020438.0,427.0,M,BC-E,SVU,YES,54
54,191996.0,4201150263.0,427.0,F,SC,AU,NO,55
55,192148.0,1202070210.0,427.0,F,OC,SVU,NO,56
56,193436.0,1219020263.0,426.0,M,SC,SVU,NO,57
57,194487.0,1205080277.0,425.0,M,OC,SVU,NO,58
58,194544.0,1209010344.0,425.0,F,SC,AU,NO,59
59,195111.0,1206150077.0,425.0,F,BC-E,AU,NO,60
60,195911.0,1205090275.0,424.0,F,BC-C,AU,NO,61
61,198946.0,1206160235.0,422.0,F,BC-D,AU,NO,62
62,200117.0,1222010105.0,421.0,F,OC,AU,NO,63
63,201392.0,1229010080.0,420.0,F,BC-D,AU,NO,64
64,201438.0,1205170190.0,420.0,M,BC-E,SVU,NO,65
65,202689.0,1203060740.0,419.0,F,SC,SVU,NO,66
66,202893.0,1224060175.0,419.0,F,SC,AU,YES,67
67,205845.0,1205010650.0,417.0,M,SC,AU,YES,68
68,208352.0,1203060754.0,415.0,F,SC,SVU,NO,69
69,211091.0,1206100256.0,413.0,F,SC,AU,NO,70
70,211594.0,1223020169.0,413.0,M,BC-B,SVU,YES,71
71,212477.0,1221020079.0,412.0,M,BC-A,AU,YES,72
72,213698.0,1209010614.0,412.0,F,OC,AU,NO,73
73,214032.0,1205020374.0,411.0,F,SC,AU,NO,74
74,215235.0,1205070339.0,410.0,M,OC,SVU,NO,75
75,215453.0,1220010157.0,410.0,F,OC,AU,NO,76
76,216767.0,1201070145.0,409.0,F,BC-C,AU,YES,77
77,216972.0,1202060510.0,409.0,F,OC,SVU,YES,78
78,219594.0,1202010916.0,407.0,F,BC-E,SVU,NO,79
79,219681.0,1205030876.0,407.0,F,BC-D,AU,NO,80
80,219696.0,1214010338.0,407.0,F,SC,AU,NO,81
81,219738.0,1222010584.0,407.0,M,SC,AU,NO,82
82,219818.0,1204030331.0,407.0,M,SC,SVU,YES,83
83,220259.0,1203060833.0,407.0,M,SC,SVU,YES,84
84,221011.0,1203050101.0,406.0,F,SC,SVU,YES,85
85,221168.0,1205080534.0,406.0,F,OC,SVU,YES,86
86,222631.0,1212030328.0,405.0,F,OC,SVU,NO,87
87,222727.0,1205250248.0,405.0,F,OC,AU,NO,88
88,224064.0,1202030117.0,404.0,M,BC-E,SVU,YES,89
89,224150.0,1205230296.0,404.0,F,BC-E,AU,YES,90
90,224346.0,1215030029.0,404.0,F,BC-B,SVU,NO,91
91,224458.0,1216020239.0,404.0,F,BC-B,AU,NO,92
92,225536.0,1205110286.0,403.0,M,BC-C,AU,NO,93
93,225829.0,1224060062.0,403.0,F,OC,AU,NO,94
94,227866.0,1205230026.0,402.0,M,BC-A,AU,NO,95
95,229360.0,1204030321.0,401.0,F,OC,SVU,NO,96
96,229537.0,1206070237.0,401.0,F,BC-D,AU,NO,97
97,229845.0,1206020329.0,400.0,F,SC,AU,NO,98
98,229982.0,1222030105.0,400.0,F,SC,AU,NO,99
99,229993.0,1205010472.0,400.0,F,SC,SVU,NO,100
100,230184.0,4219040096.0,400.0,M,OC,AU,NO,101
101,230237.0,1225050103.0,400.0,F,BC-D,AU,NO,102
102,231508.0,1205220348.0,399.0,M,OC,AU,NO,103
103,232059.0,1204040173.0,399.0,F,BC-E,SVU,NO,104
104,233365.0,1206140115.0,398.0,F,BC-D,AU,NO,105
105,234421.0,1224050228.0,397.0,F,BC-B,AU,NO,106
106,235465.0,1204040196.0,397.0,M,BC-B,SVU,NO,107
107,235870.0,1219020085.0,396.0,M,SC,SVU,NO,108
108,235966.0,1223020247.0,396.0,F,OC,SVU,NO,109
109,236353.0,1205160215.0,396.0,M,OC,SVU,NO,110
110,236637.0,1225010237.0,396.0,F,BC-A,AU,NO,111
111,237319.0,1202050256.0,395.0,F,BC-E,SVU,NO,112
112,237620.0,4201300267.0,395.0,M,BC-B,OU,NO,113
113,239006.0,2713010299.0,394.0,M,BC-E,SVU,NO,114
114,239204.0,1205100198.0,394.0,F,SC,AU,YES,115
115,239468.0,1229040112.0,394.0,F,OC,AU,YES,116
116,239469.0,1203010442.0,394.0,F,BC-D,SVU,NO,117
117,240843.0,1206140028.0,393.0,F,BC-B,AU,NO,118
118,240922.0,1220020050.0,393.0,F,BC-D,AU,NO,119
119,241650.0,1205090103.0,393.0,M,SC,AU,NO,120
120,242034.0,1203060676.0,392.0,F,SC,SVU,NO,121
121,243737.0,1214010422.0,391.0,F,BC-B,AU,NO,122
122,245048.0,1212010774.0,390.0,F,BC-A,SVU,NO,123
123,245117.0,1206120202.0,390.0,F,BC-D,AU,NO,124
124,246345.0,1206010664.0,390.0,F,SC,AU,YES,125
125,246996.0,1223010226.0,389.0,F,OC,SVU,YES,126
126,248477.0,1203010303.0,388.0,F,SC,SVU,YES,127
127,249240.0,1205220098.0,388.0,F,BC-B,AU,NO,128
128,249973.0,1205020702.0,387.0,M,BC-B,AU,NO,129
129,250121.0,1205010327.0,387.0,F,SC,AU,NO,130
130,251523.0,4205080115.0,386.0,F,BC-B,OU,NO,131
131,252580.0,1203060279.0,386.0,M,OC,SVU,NO,132
132,253173.0,1203020377.0,385.0,F,SC,SVU,NO,133
133,253525.0,1219020113.0,385.0,F,OC,SVU,NO,134
134,253564.0,1205220368.0,385.0,F,OC,SVU,NO,135
135,255035.0,1229040229.0,384.0,F,ST,AU,NO,136
136,256603.0,1205030198.0,383.0,F,BC-A,SVU,NO,137
137,256693.0,1204020341.0,383.0,F,ST,SVU,NO,138
138,256882.0,1205170196.0,383.0,F,OC,AU,NO,139
139,259021.0,1202050258.0,382.0,M,BC-D,SVU,NO,140
140,259674.0,1205060597.0,381.0,M,OC,SVU,NO,141
141,259943.0,4208030541.0,381.0,F,BC-B,SVU,NO,142
142,261205.0,1219030206.0,380.0,F,OC,SVU,NO,143
143,263318.0,1228010272.0,379.0,M,BC-B,AU,NO,144
144,263578.0,1229060128.0,379.0,F,BC-D,AU,NO,145
145,264664.0,1205200334.0,378.0,M,SC,AU,YES,146
146,264718.0,1202020573.0,378.0,M,SC,SVU,YES,147
147,264813.0,1202040073.0,378.0,F,OC,SVU,NO,148
148,265032.0,1205030218.0,378.0,M,SC,AU,NO,149
149,265220.0,1229030125.0,378.0,F,ST,AU,NO,150
150,265798.0,1203040563.0,378.0,F,OC,SVU,NO,151
151,266279.0,1221010746.0,377.0,F,BC-E,SVU,YES,152
152,266916.0,1205030231.0,377.0,M,SC,AU,YES,153
153,268532.0,1224040271.0,376.0,F,OC,AU,NO,154
154,270289.0,1202050466.0,375.0,F,BC-E,SVU,NO,155
155,270660.0,1205170447.0,375.0,F,BC-A,AU,NO,156
156,271361.0,1202020963.0,374.0,M,SC,SVU,NO,157
157,271488.0,1204020458.0,374.0,F,BC-E,SVU,NO,158
158,271900.0,1205180197.0,374.0,F,BC-D,AU,NO,159
159,272004.0,1212010761.0,374.0,M,SC,SVU,NO,160
160,272364.0,1204010190.0,374.0,F,BC-B,SVU,NO,161
161,272392.0,1204010779.0,374.0,F,OC,SVU,NO,162
162,272959.0,4219070153.0,373.0,F,BC-B,SVU,NO,163
163,273033.0,1205010125.0,373.0,F,OC,AU,NO,164
164,273176.0,1205270467.0,373.0,M,SC,SVU,NO,165
165,273313.0,4205030352.0,373.0,M,BC-B,OU,NO,166
166,273384.0,4201100074.0,373.0,M,OC,SVU,NO,167
167,275347.0,1201040398.0,372.0,M,SC,AU,NO,168
168,277865.0,1204070269.0,370.0,F,ST,SVU,NO,169
169,277961.0,1220020359.0,370.0,F,BC-A,AU,NO,170
170,277972.0,1212020263.0,370.0,F,BC-E,SVU,NO,171
171,278052.0,1221010352.0,370.0,F,BC-D,AU,YES,172
172,279947.0,1212010818.0,369.0,F,OC,SVU,YES,173
173,280607.0,4219090103.0,369.0,M,BC-D,OU,NO,174
174,280738.0,1203030432.0,369.0,F,SC,SVU,NO,175
175,281767.0,1220010525.0,368.0,F,BC-D,AU,YES,176
176,283173.0,4201020396.0,367.0,F,BC-B,SVU,YES,177
177,283253.0,1205240078.0,367.0,F,BC-D,AU,NO,178
178,284230.0,1215020308.0,367.0,F,BC-B,SVU,NO,179
179,284495.0,4201030850.0,367.0,F,BC-B,SVU,NO,180
180,284992.0,1203060481.0,366.0,F,SC,SVU,NO,181
181,286120.0,1205270459.0,366.0,F,BC-E,SVU,NO,182
182,286200.0,1215020004.0,366.0,F,OC,SVU,NO,183
183,286659.0,1204080056.0,365.0,F,OC,SVU,NO,184
184,286751.0,1202050471.0,365.0,F,OC,SVU,NO,185
185,286851.0,1204050026.0,365.0,F,BC-E,SVU,NO,186
186,286955.0,1205200404.0,365.0,F,SC,OU,NO,187
187,287152.0,4201470252.0,365.0,M,BC-B,SVU,YES,188
188,287906.0,1205010190.0,365.0,F,BC-B,SVU,YES,189
189,288494.0,1219010228.0,364.0,M,BC-E,AU,NO,190
190,288704.0,1205040243.0,364.0,M,ST,SVU,NO,191
191,289636.0,1221020258.0,364.0,F,BC-D,SVU,YES,192
192,290010.0,1201010088.0,364.0,F,OC,AU,YES,193
193,290173.0,1224030085.0,363.0,F,BC-B,AU,NO,194
194,290201.0,1208010500.0,363.0,F,OC,AU,NO,195
195,290323.0,1205120438.0,363.0,F,SC,AU,NO,196
196,290441.0,1205060039.0,363.0,M,BC-A,AU,NO,197
197,290498.0,4208070044.0,363.0,M,OC,SVU,NO,198
198,290593.0,1205050444.0,363.0,M,ST,SVU,NO,199
199,290701.0,1224070127.0,363.0,F,SC,AU,NO,200
200,292043.0,1205010379.0,362.0,F,BC-B,AU,NO,201
201,292057.0,1212050266.0,362.0,F,BC-D,SVU,NO,202
202,292097.0,1212050163.0,362.0,F,BC-E,SVU,NO,203
203,292304.0,1203010738.0,362.0,F,BC-E,SVU,NO,204
204,293733.0,1203010656.0,361.0,F,BC-B,SVU,NO,205
205,295704.0,1205050012.0,360.0,F,BC-B,SVU,YES,206
206,295745.0,1202050573.0,360.0,F,SC,SVU,YES,207
207,295991.0,1215020205.0,360.0,F,BC-E,SVU,NO,208
208,296352.0,1205270480.0,360.0,M,SC,SVU,NO,209
209,297454.0,1205210171.0,359.0,F,OC,SVU,NO,210
210,298079.0,1204010664.0,359.0,F,BC-B,SVU,NO,211
211,298088.0,1204020336.0,359.0,F,OC,SVU,NO,212
212,298215.0,1202020674.0,359.0,F,BC-E,SVU,NO,213
213,298700.0,1203030172.0,359.0,F,OC,SVU,NO,214
214,299263.0,1219030065.0,358.0,F,BC-E,SVU,NO,215
215,299363.0,1205100485.0,358.0,F,BC-B,AU,NO,216
216,299412.0,1205150479.0,358.0,M,SC,SVU,NO,217
217,300038.0,1219020051.0,358.0,F,BC-A,SVU,NO,218
218,301429.0,1209010394.0,357.0,F,OC,AU,NO,219
219,301839.0,1202020666.0,357.0,M,SC,SVU,YES,220
220,302176.0,1205140074.0,357.0,M,OC,SVU,YES,221
221,303000.0,1209010338.0,356.0,F,OC,AU,NO,222
222,303473.0,1205020617.0,356.0,F,OC,SVU,NO,223
223,303487.0,1205120328.0,356.0,M,OC,AU,NO,224
224,303775.0,4209010106.0,356.0,F,BC-B,OU,NO,225
225,304840.0,1205020867.0,355.0,F,SC,AU,NO,226
226,304966.0,1205020752.0,355.0,F,SC,SVU,NO,227
227,305764.0,1220010792.0,355.0,F,BC-A,AU,NO,228
228,307236.0,1201120286.0,354.0,F,BC-B,SVU,NO,229
229,307340.0,1206010514.0,354.0,F,BC-B,AU,NO,230
230,308481.0,1205140014.0,353.0,F,BC-A,AU,NO,231
231,308778.0,4201080563.0,353.0,F,BC-B,SVU,NO,232
232,309112.0,1209010463.0,353.0,F,BC-B,AU,NO,233
233,309620.0,1224050153.0,353.0,F,BC-D,AU,NO,234
234,310325.0,1206160024.0,352.0,F,BC-B,AU,NO,235
235,310969.0,1203010589.0,352.0,F,OC,SVU,NO,236
236,312100.0,1205090150.0,351.0,M,BC-A,AU,NO,237
237,312144.0,1204010643.0,351.0,F,OC,SVU,NO,238
238,312613.0,4208020616.0,351.0,F,BC-B,SVU,NO,239
239,313435.0,1201100206.0,351.0,F,OC,AU,NO,240
240,313931.0,1203060505.0,350.0,M,BC-E,SVU,NO,241
241,314658.0,1203010067.0,350.0,F,SC,SVU,NO,242
242,315946.0,1212050130.0,349.0,M,BC-A,SVU,NO,243
243,316426.0,1205030220.0,349.0,M,BC-A,AU,NO,244
244,316813.0,1206020311.0,349.0,F,SC,AU,NO,245
245,317843.0,1202020215.0,348.0,F,OC,SVU,NO,246
246,317868.0,1213010419.0,348.0,F,OC,AU,NO,247
247,317922.0,2712050409.0,348.0,F,BC-B,SVU,NO,248
248,317941.0,4201360243.0,348.0,M,SC,AU,NO,249
249,318293.0,1204040023.0,348.0,F,BC-B,SVU,NO,250
250,320273.0,1205030592.0,347.0,F,ST,AU,NO,251
251,320462.0,4205040293.0,347.0,F,ST,OU,NO,252
252,320578.0,1212010668.0,347.0,M,BC-E,SVU,NO,253
253,321574.0,1205160109.0,346.0,F,BC-B,AU,NO,254
254,321866.0,1212040214.0,346.0,F,OC,SVU,NO,255
255,322068.0,1209010216.0,346.0,F,OC,AU,NO,256
256,322344.0,4201070020.0,346.0,M,SC,AU,NO,257
257,323215.0,1205220025.0,346.0,F,OC,AU,NO,258
258,323408.0,1202060515.0,345.0,F,BC-A,SVU,NO,259
259,323450.0,1205100020.0,345.0,M,BC-B,SVU,NO,260
260,323536.0,1214010546.0,345.0,F,OC,AU,NO,261
261,323578.0,1205190359.0,345.0,F,OC,AU,NO,262
262,323639.0,1202010610.0,345.0,M,BC-A,SVU,NO,263
263,323735.0,1205270142.0,345.0,F,SC,AU,NO,264
264,324570.0,1204010774.0,345.0,M,BC-A,SVU,NO,265
265,325449.0,4201200297.0,344.0,M,BC-B,SVU,NO,266
266,325607.0,1202020538.0,344.0,F,SC,SVU,NO,267
267,325763.0,1205020349.0,344.0,F,OC,SVU,NO,268
268,327560.0,1201040462.0,343.0,M,ST,AU,NO,269
269,328671.0,1204050154.0,343.0,M,BC-B,SVU,YES,270
270,329536.0,1204060256.0,342.0,F,OC,SVU,YES,271
271,329620.0,1205100441.0,342.0,F,BC-B,AU,NO,272
272,329799.0,1205240272.0,342.0,M,BC-E,SVU,NO,273
273,329821.0,1205050537.0,342.0,F,BC-D,SVU,NO,274
274,331184.0,1204040185.0,341.0,F,OC,SVU,NO,275
275,331261.0,1219010533.0,341.0,F,SC,SVU,NO,276
276,331264.0,1205270280.0,341.0,F,BC-E,SVU,NO,277
277,332919.0,1212010211.0,341.0,F,BC-E,SVU,NO,278
278,333355.0,1205180003.0,340.0,F,SC,AU,NO,279
279,333451.0,1204010104.0,340.0,F,SC,SVU,NO,280
280,333955.0,1202040041.0,340.0,F,BC-D,SVU,NO,281
281,334252.0,1228010112.0,340.0,F,SC,AU,YES,282
282,335259.0,4201210425.0,339.0,F,BC-B,OU,YES,283
283,335306.0,1205080052.0,339.0,M,BC-B,AU,NO,284
284,335368.0,1209010241.0,339.0,F,BC-B,AU,NO,285
285,335537.0,1219030355.0,339.0,F,BC-A,SVU,NO,286
286,335770.0,1205040737.0,339.0,F,OC,AU,NO,287
287,336327.0,1206090029.0,339.0,F,BC-D,AU,NO,288
288,337212.0,1205070190.0,338.0,F,BC-D,AU,NO,289
289,339315.0,1202010191.0,337.0,F,BC-D,SVU,NO,290
290,339345.0,1203060441.0,337.0,F,BC-A,SVU,NO,291
291,339445.0,1214010249.0,337.0,M,SC,AU,NO,292
292,339831.0,1205130048.0,337.0,F,BC-C,AU,NO,293
293,341028.0,1205190364.0,336.0,F,OC,AU,NO,294
294,341311.0,1205110224.0,336.0,F,OC,AU,NO,295
295,341586.0,1202060054.0,336.0,M,BC-A,SVU,NO,296
296,341976.0,1206090213.0,336.0,F,OC,AU,NO,297
297,342822.0,1205140361.0,336.0,M,SC,AU,NO,298
298,343008.0,1204080368.0,335.0,M,SC,SVU,NO,299
299,343521.0,1203060298.0,335.0,F,OC,SVU,NO,300
300,343700.0,1205230355.0,335.0,F,BC-A,AU,NO,301
301,344449.0,1203060872.0,335.0,M,BC-B,SVU,YES,302
302,344929.0,1205180219.0,335.0,F,SC,AU,YES,303
303,345384.0,1205200349.0,334.0,F,BC-D,AU,NO,304
304,345412.0,1205030824.0,334.0,F,BC-D,SVU,NO,305
305,345440.0,1205010166.0,334.0,F,SC,SVU,NO,306
306,345664.0,1206090004.0,334.0,F,BC-D,AU,NO,307
307,346000.0,1204070279.0,334.0,F,SC,SVU,NO,308
308,346383.0,4215020067.0,334.0,F,BC-D,OU,NO,309
309,347209.0,1219020390.0,333.0,F,BC-B,SVU,NO,310
310,347350.0,4203050082.0,333.0,F,SC,OU,NO,311
311,347497.0,1205070538.0,333.0,F,BC-D,AU,NO,312
312,347862.0,1205260173.0,333.0,M,ST,SVU,NO,313
313,349351.0,2713040263.0,332.0,M,BC-B,SVU,NO,314
314,353059.0,4201270198.0,330.0,F,BC-B,OU,NO,315
315,353197.0,1202010262.0,330.0,M,BC-E,SVU,NO,316
316,353639.0,1206030551.0,330.0,F,SC,AU,NO,317
317,354449.0,1206070338.0,330.0,F,BC-B,AU,NO,318
318,355443.0,4201310089.0,329.0,M,BC-B,SVU,NO,319
319,355664.0,1208020045.0,329.0,F,SC,AU,NO,320
320,355941.0,1229040087.0,329.0,F,OC,AU,NO,321
321,357395.0,1206150105.0,328.0,F,SC,AU,NO,322
322,357444.0,1205020515.0,328.0,F,BC-D,AU,YES,323
323,358220.0,1205030499.0,328.0,F,BC-C,AU,YES,324
324,359308.0,1205240353.0,327.0,F,OC,SVU,NO,325
325,359374.0,1202030619.0,327.0,M,SC,SVU,NO,326
326,359403.0,1201020294.0,327.0,F,SC,AU,NO,327
327,359709.0,1205010535.0,327.0,F,SC,AU,NO,328
328,359747.0,1205010582.0,327.0,F,SC,AU,NO,329
329,359865.0,1206090335.0,327.0,F,BC-D,AU,NO,330
330,361373.0,1205110105.0,326.0,M,BC-C,AU,NO,331
331,361621.0,1205050161.0,326.0,M,BC-C,AU,NO,332
332,362448.0,4208030611.0,326.0,M,BC-B,SVU,YES,333
333,363577.0,1202030187.0,325.0,F,SC,SVU,YES,334
334,363811.0,1215030066.0,325.0,F,SC,SVU,NO,335
335,365325.0,1201010167.0,325.0,M,SC,AU,NO,336
336,365760.0,4206020023.0,324.0,M,BC-A,OU,NO,337
337,366010.0,1203010250.0,324.0,F,BC-A,SVU,NO,338
338,368455.0,1224050094.0,323.0,F,BC-D,AU,NO,339
339,368739.0,1206010464.0,323.0,F,BC-B,AU,NO,340
340,369142.0,1204010512.0,323.0,F,SC,SVU,NO,341
341,369924.0,1204010158.0,322.0,F,SC,SVU,NO,342
342,369981.0,1206010249.0,322.0,F,BC-D,AU,NO,343
343,370377.0,1229030019.0,322.0,F,SC,AU,NO,344
344,370477.0,1201020201.0,322.0,F,BC-B,AU,NO,345
345,372063.0,1205020267.0,321.0,F,ST,SVU,NO,346
346,372158.0,1225010249.0,321.0,F,BC-B,AU,NO,347
347,372222.0,1205120459.0,321.0,M,SC,AU,NO,348
348,372256.0,1224010124.0,321.0,F,SC,AU,NO,349
349,372438.0,1205250102.0,321.0,F,BC-B,AU,NO,350
350,372510.0,1205130044.0,321.0,F,SC,AU,NO,351
351,372515.0,1205030051.0,321.0,F,BC-E,AU,NO,352
352,373101.0,1220010241.0,321.0,M,OC,AU,NO,353
353,373205.0,1205120463.0,321.0,F,OC,AU,NO,354
354,374032.0,1201010519.0,320.0,M,SC,AU,NO,355
355,374083.0,1203060583.0,320.0,F,SC,SVU,NO,356
356,374342.0,1205030016.0,320.0,F,OC,AU,NO,357
357,374365.0,1205160321.0,320.0,M,ST,AU,NO,358
358,374452.0,1228010116.0,320.0,F,BC-B,AU,NO,359
359,374706.0,1221010179.0,320.0,M,OC,SVU,NO,360
360,374985.0,1203060532.0,320.0,F,SC,SVU,NO,361
361,376038.0,1206060345.0,320.0,F,BC-D,AU,NO,362
362,376193.0,1205030608.0,319.0,M,BC-D,AU,NO,363
363,376420.0,1204010004.0,319.0,F,ST,SVU,NO,364
364,377798.0,1201050085.0,319.0,F,BC-D,AU,YES,365
365,378394.0,4220020303.0,318.0,F,SC,OU,YES,366
366,378404.0,1201020342.0,318.0,F,SC,AU,NO,367
367,378927.0,1216010190.0,318.0,F,SC,AU,NO,368
368,379043.0,1212010191.0,318.0,M,SC,SVU,YES,369
369,379143.0,1202010237.0,318.0,F,ST,SVU,YES,370
370,380076.0,1205150186.0,318.0,F,OC,AU,NO,371
371,382102.0,1205100162.0,317.0,F,BC-E,AU,NO,372
372,382683.0,1202040226.0,316.0,M,SC,SVU,NO,373
373,383048.0,1205230304.0,316.0,F,BC-A,AU,NO,374
374,383203.0,1223020406.0,316.0,F,BC-E,SVU,NO,375
375,383209.0,1219020523.0,316.0,F,ST,SVU,NO,376
376,383547.0,1203030416.0,316.0,F,BC-B,SVU,NO,377
377,383709.0,1205170338.0,316.0,F,BC-D,AU,NO,378
378,385045.0,1219010291.0,315.0,F,ST,SVU,NO,379
379,385293.0,1205020482.0,315.0,F,SC,AU,NO,380
380,385883.0,1212040092.0,315.0,F,BC-A,SVU,NO,381
381,386438.0,1205040176.0,315.0,F,SC,AU,NO,382
382,387622.0,1202030380.0,314.0,F,SC,SVU,NO,383
383,387711.0,1202030284.0,314.0,M,BC-C,SVU,NO,384
384,387833.0,1205270392.0,314.0,F,SC,SVU,NO,385
385,388872.0,1202021062.0,314.0,M,BC-D,SVU,NO,386
386,391302.0,1202040625.0,313.0,F,OC,SVU,NO,387
387,391599.0,1224080153.0,313.0,M,BC-D,AU,NO,388
388,391665.0,1205010340.0,312.0,M,BC-D,AU,YES,389
389,391746.0,4201080736.0,312.0,F,SC,AU,YES,390
390,391800.0,1224060043.0,312.0,F,SC,AU,NO,391
391,391972.0,4201050404.0,312.0,F,BC-B,OU,NO,392
392,391999.0,1205200090.0,312.0,F,OC,AU,NO,393
393,392370.0,1224040215.0,312.0,F,BC-B,AU,NO,394
394,392388.0,1221010435.0,312.0,F,SC,SVU,NO,395
395,392844.0,1205120399.0,312.0,M,BC-B,SVU,NO,396
396,393219.0,1205060103.0,312.0,F,SC,AU,NO,397
397,393902.0,1208010361.0,311.0,F,BC-C,AU,NO,398
398,394002.0,1202040657.0,311.0,F,SC,SVU,NO,399
399,394239.0,1212040073.0,311.0,F,OC,SVU,NO,400
400,394368.0,1215020146.0,311.0,M,BC-E,SVU,NO,401
401,394458.0,4221020046.0,311.0,M,BC-D,OU,NO,402
402,396133.0,1225020167.0,310.0,F,OC,AU,NO,403
403,396280.0,2712190243.0,310.0,M,BC-E,SVU,NO,404
404,396979.0,1213010053.0,310.0,F,BC-B,AU,NO,405
405,398446.0,1204040538.0,309.0,F,BC-E,SVU,NO,406
406,398460.0,1212030340.0,309.0,F,ST,SVU,NO,407
407,398462.0,1212040184.0,309.0,F,BC-B,SVU,NO,408
408,398479.0,1205080020.0,309.0,M,SC,AU,NO,409
409,399969.0,1205140012.0,309.0,F,BC-D,AU,NO,410
410,400808.0,1205150113.0,308.0,M,SC,AU,NO,411
411,401208.0,1205060254.0,308.0,F,SC,AU,NO,412
412,401211.0,1206120189.0,308.0,F,BC-D,AU,NO,413
413,401311.0,1228010379.0,308.0,F,SC,AU,NO,414
414,402030.0,1203040184.0,308.0,F,OC,SVU,NO,415
415,402757.0,1205160459.0,308.0,M,BC-B,SVU,NO,416
416,402832.0,4207010571.0,307.0,F,SC,OU,NO,417
417,402967.0,4201330103.0,307.0,F,SC,SVU,YES,418
418,402971.0,1205210222.0,307.0,F,ST,AU,YES,419
419,403074.0,1204010996.0,307.0,F,SC,SVU,NO,420
420,403274.0,1203030224.0,307.0,F,OC,SVU,NO,421
421,405156.0,4208090261.0,306.0,F,SC,AU,YES,422
422,405178.0,1219030313.0,306.0,F,SC,SVU,YES,423
423,405372.0,1209010150.0,306.0,F,BC-D,AU,NO,424
424,405444.0,1202040118.0,306.0,F,OC,SVU,NO,425
425,405511.0,1205240144.0,306.0,F,SC,AU,YES,426
426,406134.0,1204050362.0,306.0,F,BC-A,SVU,YES,427
427,407413.0,1205230016.0,305.0,F,ST,AU,NO,428
428,407472.0,1220060255.0,305.0,F,SC,AU,NO,429
429,407883.0,1205150019.0,305.0,F,SC,AU,NO,430
430,407929.0,1206090426.0,305.0,F,SC,AU,NO,431
431,410692.0,1205220140.0,304.0,F,BC-A,AU,NO,432
432,410792.0,1205160384.0,304.0,F,SC,AU,NO,433
433,410894.0,4204040248.0,304.0,F,BC-A,OU,NO,434
434,412430.0,1202011062.0,303.0,F,BC-A,SVU,YES,435
435,413565.0,4201220084.0,303.0,M,SC,AU,YES,436
436,414394.0,1205120408.0,302.0,M,OC,AU,NO,437
437,414578.0,4201110402.0,302.0,F,BC-D,OU,NO,438
438,414673.0,1205030793.0,302.0,F,SC,AU,YES,439
439,414825.0,1203020363.0,302.0,M,SC,SVU,YES,440
440,414973.0,4201430163.0,302.0,F,BC-C,AU,NO,441
441,415110.0,1202030442.0,302.0,F,BC-A,SVU,NO,442
442,415645.0,1203020331.0,302.0,M,BC-E,SVU,YES,443
443,415698.0,4201380092.0,302.0,M,BC-E,OU,YES,444
444,416734.0,4201420033.0,301.0,F,SC,OU,YES,445
445,417395.0,1205130335.0,301.0,F,SC,AU,YES,446
446,417901.0,1205080315.0,301.0,M,BC-B,AU,NO,447
447,419304.0,4204020159.0,300.0,F,BC-A,SVU,NO,448
448,419307.0,1202020838.0,300.0,F,BC-A,SVU,NO,449
449,420266.0,1205010945.0,300.0,M,BC-B,SVU,NO,450
450,421548.0,1204060074.0,299.0,F,BC-B,SVU,NO,451
451,421844.0,4214020092.0,299.0,F,BC-B,OU,NO,452
452,422238.0,1205110080.0,299.0,M,BC-D,AU,NO,453
453,423907.0,1205210181.0,298.0,F,BC-B,SVU,NO,454
454,426195.0,1202010275.0,297.0,F,BC-A,SVU,NO,455
455,427419.0,1205040692.0,297.0,F,BC-A,AU,NO,456
456,427950.0,1205050708.0,297.0,F,SC,SVU,NO,457
457,428326.0,1206070110.0,296.0,M,ST,AU,NO,458
458,428506.0,1220020128.0,296.0,M,BC-B,OU,NO,459
459,428547.0,1206010615.0,296.0,M,BC-D,AU,NO,460
460,430691.0,1206030507.0,295.0,F,SC,AU,NO,461
461,430780.0,1215020075.0,295.0,F,BC-D,SVU,NO,462
462,431596.0,1202030691.0,295.0,F,SC,SVU,NO,463
463,433935.0,1220010307.0,294.0,F,SC,AU,NO,464
464,435830.0,1229010024.0,293.0,F,OC,AU,NO,465
465,435884.0,1206050543.0,293.0,F,BC-D,AU,NO,466
466,437057.0,1202060531.0,293.0,F,SC,SVU,NO,467
467,438146.0,1206020339.0,292.0,F,ST,AU,NO,468
468,439259.0,1202010505.0,292.0,F,BC-E,SVU,NO,469
469,440451.0,1205050384.0,291.0,F,SC,AU,NO,470
470,440476.0,1202010889.0,291.0,F,ST,SVU,NO,471
471,440863.0,1222040008.0,291.0,M,BC-C,AU,NO,472
472,441418.0,1206090113.0,291.0,F,BC-B,AU,NO,473
473,441753.0,1203030236.0,291.0,F,SC,SVU,NO,474
474,442944.0,1216010167.0,290.0,M,SC,AU,NO,475
475,443862.0,1202060439.0,290.0,M,BC-E,SVU,NO,476
476,445997.0,1208020219.0,289.0,F,ST,AU,NO,477
477,448271.0,1205180310.0,288.0,F,SC,AU,NO,478
478,449630.0,1202020249.0,288.0,F,SC,SVU,NO,479
479,450390.0,1208020103.0,287.0,F,ST,AU,NO,480
480,453090.0,1205230272.0,286.0,M,BC-A,AU,NO,481
481,453964.0,1229060045.0,286.0,M,BC-B,AU,NO,482
482,455064.0,1209010164.0,285.0,M,BC-B,AU,NO,483
483,455134.0,1228020203.0,285.0,F,BC-D,AU,NO,484
484,457917.0,4201540258.0,284.0,F,OC,AU,NO,485
485,457997.0,1206120037.0,284.0,F,SC,AU,NO,486
486,458584.0,1202040251.0,284.0,F,BC-E,SVU,NO,487
487,459173.0,1205040017.0,284.0,F,SC,AU,NO,488
488,460031.0,4208010578.0,284.0,F,BC-B,OU,NO,489
489,460305.0,1203010320.0,283.0,F,SC,SVU,NO,490
490,460327.0,1205050133.0,283.0,F,BC-D,AU,NO,491
491,460813.0,1212030225.0,283.0,F,BC-E,SVU,NO,492
492,461347.0,1215030195.0,283.0,F,SC,SVU,NO,493
493,462739.0,1205030710.0,282.0,F,SC,SVU,NO,494
494,462770.0,1222010527.0,282.0,F,BC-E,AU,NO,495
495,463389.0,1201010244.0,282.0,M,BC-E,AU,NO,496
496,464422.0,1212030325.0,282.0,F,OC,SVU,NO,497
497,465157.0,1205250026.0,281.0,F,BC-A,AU,NO,498
498,465519.0,1205030140.0,281.0,F,SC,SVU,NO,499
499,465998.0,1222030159.0,281.0,F,SC,AU,NO,500
500,466156.0,1206120272.0,281.0,F,BC-D,AU,NO,501
501,466928.0,1205010553.0,281.0,F,BC-D,AU,NO,502
502,467702.0,1204040548.0,280.0,F,BC-B,SVU,NO,503
503,468025.0,1228010010.0,280.0,F,OC,AU,NO,504
504,468064.0,1202010598.0,280.0,M,BC-E,SVU,NO,505
505,468419.0,1224030024.0,280.0,F,OC,AU,NO,506
506,470254.0,4206050154.0,279.0,M,BC-B,OU,NO,507
507,470561.0,1224070090.0,279.0,F,BC-A,AU,YES,508
508,470601.0,1216010269.0,279.0,F,SC,AU,YES,509
509,470668.0,1205230177.0,279.0,F,SC,SVU,YES,510
510,471211.0,1205180247.0,279.0,F,BC-B,AU,YES,511
511,471328.0,1203060071.0,279.0,F,BC-D,SVU,NO,512
512,472916.0,4208010216.0,278.0,F,BC-B,OU,NO,513
513,472924.0,1228040207.0,278.0,F,BC-B,AU,NO,514
514,472956.0,1203020615.0,278.0,F,SC,SVU,NO,515
515,473342.0,1205090342.0,278.0,F,SC,AU,NO,516
516,473406.0,1201060300.0,278.0,F,OC,AU,NO,517
517,475374.0,1224060176.0,277.0,F,OC,AU,YES,518
518,475397.0,1208020139.0,277.0,M,BC-E,AU,YES,519
519,475612.0,1205170099.0,277.0,F,ST,SVU,NO,520
520,475616.0,1205160123.0,277.0,F,SC,AU,NO,521
521,475676.0,1219010285.0,277.0,F,BC-B,SVU,NO,522
522,475877.0,1204060353.0,277.0,F,SC,SVU,NO,523
523,476804.0,1205220375.0,277.0,F,BC-D,AU,NO,524
524,476937.0,1201020431.0,277.0,F,OC,AU,NO,525
525,477956.0,1227010048.0,276.0,F,BC-E,AU,NO,526
526,480961.0,1205260125.0,275.0,F,OC,SVU,NO,527
527,486915.0,1203020701.0,273.0,F,SC,SVU,NO,528
528,486996.0,1205190429.0,273.0,F,BC-D,AU,NO,529
529,487465.0,1220020315.0,273.0,M,BC-B,AU,NO,530
530,489096.0,1202030698.0,272.0,F,OC,SVU,NO,531
531,489249.0,1213011009.0,272.0,F,BC-D,AU,YES,532
532,489262.0,1202020456.0,272.0,M,ST,SVU,YES,533
533,489444.0,1225050152.0,272.0,F,ST,AU,NO,534
534,489614.0,1229040142.0,272.0,F,BC-D,AU,NO,535
535,491326.0,1201070100.0,271.0,F,ST,AU,NO,536
536,493008.0,1219010664.0,271.0,M,ST,SVU,NO,537
537,493932.0,1204050319.0,270.0,F,OC,SVU,YES,538
538,494107.0,1222020076.0,270.0,M,SC,AU,YES,539
539,494935.0,1221020323.0,270.0,F,OC,SVU,NO,540
540,495577.0,1224020249.0,270.0,F,SC,AU,NO,541
541,498122.0,1204010085.0,269.0,F,BC-B,SVU,NO,542
542,499476.0,1223010027.0,268.0,F,OC,SVU,NO,543
543,500322.0,1206020146.0,268.0,F,SC,AU,NO,544
544,500820.0,4219050089.0,268.0,F,OC,OU,NO,545
545,502097.0,1206040070.0,267.0,M,BC-B,AU,YES,546
546,502120.0,1205050288.0,267.0,F,BC-B,AU,YES,547
547,502381.0,1204070315.0,267.0,F,SC,SVU,NO,548
548,502493.0,1205060335.0,267.0,F,BC-E,SVU,NO,549
549,507747.0,1205010509.0,265.0,F,BC-D,SVU,NO,550
550,507846.0,4201170296.0,265.0,F,BC-D,OU,NO,551
551,507935.0,1205220297.0,265.0,F,BC-E,AU,NO,552
552,508919.0,1206070221.0,265.0,F,OC,AU,NO,553
553,510052.0,1204050187.0,265.0,F,ST,SVU,NO,554
554,510661.0,1223010136.0,264.0,M,BC-E,SVU,NO,555
555,510994.0,1205120107.0,264.0,F,OC,AU,NO,556
556,511622.0,1205080574.0,264.0,F,BC-B,AU,NO,557
557,515138.0,1205070477.0,263.0,F,BC-D,AU,NO,558
558,519031.0,4204030326.0,261.0,F,BC-B,OU,NO,559
559,519241.0,1220011064.0,261.0,F,OC,AU,NO,560
560,519286.0,1215010153.0,261.0,F,BC-E,SVU,NO,561
561,521427.0,1202020230.0,260.0,F,BC-A,SVU,NO,562
562,521542.0,1205030685.0,260.0,M,SC,SVU,NO,563
563,521717.0,1205130140.0,260.0,F,BC-B,AU,NO,564
564,524377.0,1224080110.0,259.0,F,OC,AU,NO,565
565,524494.0,1204070163.0,259.0,F,BC-B,SVU,NO,566
566,525075.0,1212020082.0,259.0,F,BC-B,SVU,NO,567
567,525561.0,1215030067.0,259.0,M,SC,SVU,NO,568
568,525751.0,1202070077.0,259.0,F,SC,SVU,NO,569
569,525773.0,1205040596.0,259.0,F,SC,SVU,NO,570
570,527514.0,1228010140.0,258.0,F,SC,AU,NO,571
571,528604.0,1220020459.0,258.0,F,BC-D,AU,NO,572
572,530105.0,1205130017.0,257.0,F,BC-A,AU,NO,573
573,530118.0,1205060114.0,257.0,F,ST,AU,NO,574
574,530725.0,4203020363.0,257.0,F,ST,OU,NO,575
575,532835.0,1225010528.0,256.0,M,BC-B,AU,NO,576
576,533609.0,1203040319.0,256.0,M,BC-B,SVU,NO,577
577,534052.0,1206140183.0,256.0,M,SC,AU,NO,578
578,535297.0,1202050459.0,255.0,F,BC-E,SVU,NO,579
579,535640.0,1204080050.0,255.0,F,SC,SVU,NO,580
580,536009.0,1216030283.0,255.0,F,OC,AU,NO,581
581,537707.0,1205010972.0,255.0,F,BC-E,AU,NO,582
582,537909.0,1206050009.0,255.0,M,OC,AU,NO,583
583,538842.0,1224060167.0,254.0,M,SC,AU,NO,584
584,538898.0,1202020414.0,254.0,F,SC,SVU,NO,585
585,539398.0,1206010008.0,254.0,F,BC-D,AU,YES,586
586,541705.0,1205080033.0,253.0,F,SC,AU,YES,587
587,542193.0,1205220287.0,253.0,F,OC,AU,NO,588
588,542438.0,1219010402.0,253.0,F,OC,SVU,NO,589
589,542628.0,1201040075.0,253.0,M,BC-A,AU,NO,590
590,544217.0,1224020356.0,252.0,F,BC-B,AU,NO,591
591,544536.0,1204030338.0,252.0,F,OC,SVU,NO,592
592,544690.0,1205180007.0,252.0,F,SC,AU,NO,593
593,544959.0,1222010249.0,252.0,M,OC,AU,NO,594
594,546998.0,1204070363.0,251.0,M,OC,SVU,NO,595
595,547866.0,1224030073.0,251.0,F,OC,AU,YES,596
596,548115.0,1219040065.0,251.0,F,BC-E,SVU,YES,597
597,549776.0,1205040654.0,250.0,M,SC,AU,NO,598
598,551202.0,1203020541.0,250.0,F,SC,SVU,NO,599
599,551718.0,1202010790.0,250.0,M,BC-E,SVU,NO,600
600,552129.0,1205160406.0,250.0,F,OC,SVU,NO,601
601,552541.0,1205240214.0,250.0,F,BC-A,AU,NO,602
602,554547.0,1205240407.0,249.0,F,BC-E,AU,NO,603
603,556155.0,1209010118.0,248.0,F,BC-D,AU,NO,604
604,556642.0,1224040235.0,248.0,F,BC-B,AU,NO,605
605,558931.0,1209010156.0,247.0,F,BC-D,AU,NO,606
606,559007.0,1205010865.0,247.0,F,OC,AU,NO,607
607,559321.0,1206050307.0,247.0,F,SC,AU,NO,608
608,560167.0,4201250341.0,247.0,F,BC-A,OU,NO,609
609,562206.0,1203040535.0,246.0,F,SC,SVU,NO,610
610,562370.0,1205270197.0,246.0,F,OC,AU,NO,611
611,563890.0,1222030153.0,246.0,F,BC-E,AU,NO,612
612,566134.0,1203040256.0,245.0,F,SC,SVU,NO,613
613,568244.0,1202030106.0,244.0,F,BC-E,SVU,NO,614
614,570926.0,1219010155.0,243.0,F,ST,SVU,NO,615
615,571458.0,1224040180.0,243.0,F,BC-E,AU,NO,616
616,571925.0,1205090054.0,243.0,F,OC,AU,NO,617
617,573005.0,1205150408.0,243.0,F,SC,AU,NO,618
618,573847.0,1205210392.0,242.0,F,OC,AU,NO,619
619,574301.0,1222010161.0,242.0,F,SC,AU,NO,620
620,574602.0,4213020087.0,242.0,F,BC-B,OU,NO,621
621,577642.0,1204090051.0,241.0,F,SC,SVU,NO,622
622,578634.0,1205270103.0,241.0,F,SC,AU,NO,623
623,579386.0,1205070284.0,241.0,F,OC,AU,NO,624
624,580367.0,1203060485.0,240.0,F,OC,SVU,NO,625
625,580392.0,1202021051.0,240.0,M,BC-A,SVU,NO,626
626,583108.0,1224040135.0,239.0,F,OC,AU,NO,627
627,583133.0,1224050249.0,239.0,F,SC,AU,NO,628
628,583991.0,1206090260.0,239.0,F,SC,AU,NO,629
629,584377.0,1205140177.0,239.0,M,SC,AU,NO,630
630,585342.0,1205110468.0,239.0,F,OC,AU,NO,631
631,586179.0,1206080126.0,238.0,F,BC-D,AU,NO,632
632,586825.0,1202020476.0,238.0,F,SC,SVU,NO,633
633,586903.0,1205270285.0,238.0,F,SC,AU,NO,634
634,590668.0,1205130018.0,237.0,M,OC,AU,NO,635
635,592629.0,1206130068.0,236.0,M,SC,AU,NO,636
636,592845.0,4220020253.0,236.0,F,SC,OU,YES,637
637,594359.0,1221010136.0,236.0,M,BC-A,AU,YES,638
638,594908.0,1202030282.0,236.0,F,BC-E,SVU,NO,639
639,595736.0,4201250224.0,235.0,F,BC-A,OU,NO,640
640,596023.0,1205030745.0,235.0,F,BC-E,AU,NO,641
641,596452.0,1205100265.0,235.0,F,SC,AU,NO,642
642,597578.0,1223020088.0,235.0,F,OC,SVU,NO,643
643,598903.0,1206110065.0,234.0,F,SC,AU,NO,644
644,599939.0,1220020499.0,234.0,F,OC,AU,YES,645
645,600155.0,4208050095.0,234.0,F,SC,AU,YES,646
646,601910.0,1224020275.0,233.0,F,BC-A,AU,NO,647
647,601969.0,1203040176.0,233.0,F,SC,SVU,NO,648
648,602405.0,1216030310.0,233.0,M,SC,AU,NO,649
649,603779.0,1224060095.0,233.0,M,OC,AU,NO,650
650,603840.0,1205200262.0,233.0,F,OC,AU,NO,651
651,604682.0,1205190028.0,233.0,F,OC,AU,NO,652
652,610199.0,1202040267.0,231.0,F,BC-E,SVU,NO,653
653,612001.0,1212060080.0,230.0,F,SC,SVU,NO,654
654,613027.0,1205100472.0,230.0,F,BC-D,AU,NO,655
655,615738.0,1205030398.0,229.0,F,BC-A,AU,NO,656
656,617400.0,1205200046.0,229.0,F,OC,AU,NO,657
657,618467.0,1206160021.0,228.0,F,BC-D,AU,NO,658
658,621391.0,1205050754.0,227.0,F,BC-E,AU,NO,659
659,621902.0,1224080089.0,227.0,M,SC,AU,NO,660
660,622056.0,1205070044.0,227.0,F,BC-D,AU,NO,661
661,624296.0,4201140633.0,226.0,F,ST,OU,NO,662
662,625812.0,1202010748.0,226.0,F,BC-E,SVU,NO,663
663,627854.0,1209010237.0,225.0,F,BC-A,AU,NO,664
664,628041.0,1221010307.0,225.0,F,BC-E,SVU,NO,665
665,628076.0,1224040137.0,225.0,F,BC-A,AU,NO,666
666,631333.0,1221010672.0,224.0,F,BC-B,SVU,NO,667
667,631832.0,1205220197.0,224.0,F,OC,AU,NO,668
668,634309.0,1223020091.0,223.0,F,BC-D,SVU,NO,669
669,634983.0,1203010642.0,223.0,F,BC-E,SVU,NO,670
670,635981.0,1205150277.0,223.0,F,BC-B,SVU,NO,671
671,637310.0,4213020233.0,222.0,M,BC-B,OU,NO,672
672,638404.0,1202050390.0,222.0,F,BC-B,SVU,NO,673
673,638939.0,1202020984.0,222.0,M,BC-E,SVU,NO,674
674,639076.0,3613010211.0,222.0,F,OC,AU,NO,675
675,640581.0,1224010100.0,221.0,F,SC,AU,NO,676
676,643435.0,1229020181.0,221.0,F,BC-D,AU,NO,677
677,643945.0,1202030051.0,220.0,F,BC-E,SVU,NO,678
678,644112.0,1224060198.0,220.0,F,SC,AU,NO,679
679,645909.0,1216010478.0,220.0,F,OC,AU,NO,680
680,646872.0,1205010549.0,220.0,F,SC,AU,NO,681
681,649512.0,1204070158.0,219.0,F,BC-A,SVU,NO,682
682,651016.0,1205240391.0,218.0,F,SC,AU,NO,683
683,651444.0,1209010040.0,218.0,F,BC-D,AU,NO,684
684,651612.0,1206040495.0,218.0,F,BC-D,AU,NO,685
685,651657.0,1205140341.0,218.0,M,BC-B,AU,NO,686
686,655615.0,1229030106.0,217.0,F,SC,AU,NO,687
687,665752.0,1205220400.0,214.0,F,BC-A,AU,NO,688
688,668503.0,1220010731.0,213.0,F,BC-B,AU,NO,689
689,671544.0,1212010573.0,212.0,M,BC-E,SVU,NO,690
690,671627.0,1205020676.0,212.0,F,BC-E,SVU,NO,691
691,671781.0,1204050460.0,212.0,F,SC,SVU,NO,692
692,672161.0,1228040107.0,212.0,F,OC,AU,NO,693
693,672329.0,1209010158.0,212.0,F,BC-E,AU,NO,694
694,673564.0,1221010143.0,212.0,F,OC,SVU,NO,695
695,674112.0,1229050091.0,212.0,F,BC-A,AU,NO,696
696,674693.0,1205060477.0,211.0,F,BC-D,AU,NO,697
697,674785.0,1203020593.0,211.0,F,SC,SVU,YES,698
698,675953.0,1205200338.0,211.0,F,BC-B,AU,YES,699
699,676198.0,1201110061.0,211.0,F,BC-A,AU,YES,700
700,676486.0,1219030265.0,211.0,M,BC-D,SVU,NO,701
701,679499.0,1216010359.0,210.0,F,BC-C,AU,NO,702
702,679554.0,1205090178.0,210.0,F,SC,AU,NO,703
703,679556.0,4201480307.0,210.0,F,BC-A,OU,NO,704
704,679754.0,1203010857.0,210.0,M,SC,SVU,NO,705
705,682402.0,1204080020.0,209.0,F,OC,SVU,NO,706
706,682598.0,1205120152.0,209.0,F,SC,SVU,NO,707
707,683832.0,1204050236.0,209.0,M,OC,SVU,NO,708
708,686172.0,1208010343.0,208.0,F,BC-E,AU,NO,709
709,688000.0,1205040192.0,208.0,F,OC,SVU,NO,710
710,689890.0,1209010092.0,207.0,F,SC,AU,NO,711
711,690329.0,1205120014.0,207.0,F,ST,AU,NO,712
712,692030.0,1203030498.0,207.0,F,BC-C,SVU,NO,713
713,693268.0,1202030198.0,206.0,F,BC-E,SVU,NO,714
714,694253.0,4203050461.0,206.0,F,SC,OU,NO,715
715,696381.0,1205240019.0,205.0,F,SC,SVU,NO,716
716,698259.0,1224070195.0,205.0,M,ST,AU,NO,717
717,701080.0,1205040685.0,204.0,M,BC-B,AU,NO,718
718,701770.0,1203010499.0,204.0,F,SC,SVU,NO,719
719,701813.0,1204030427.0,204.0,F,BC-D,SVU,NO,720
720,704210.0,1205110383.0,203.0,F,SC,AU,NO,721
721,705020.0,1206090415.0,203.0,F,BC-D,AU,NO,722
722,705321.0,1223020462.0,203.0,F,BC-E,SVU,NO,723
723,705469.0,1221020491.0,203.0,F,BC-E,SVU,NO,724
724,705569.0,1229020114.0,203.0,F,BC-D,AU,NO,725
725,708794.0,1220060185.0,202.0,F,BC-B,AU,NO,726
726,712547.0,1201010556.0,201.0,F,OC,AU,NO,727
727,714726.0,1205020900.0,200.0,F,BC-C,AU,NO,728
728,716027.0,1228020084.0,200.0,M,SC,AU,NO,729
729,716402.0,1203060386.0,200.0,F,BC-E,SVU,NO,730
730,716769.0,1202030269.0,200.0,F,BC-A,SVU,NO,731
731,718726.0,1219020269.0,200.0,F,BC-A,SVU,NO,732
732,719087.0,1202040552.0,199.0,M,BC-E,SVU,NO,733
733,719715.0,1222030095.0,199.0,F,BC-B,AU,NO,734
734,721684.0,1206050323.0,199.0,F,BC-D,AU,NO,735
735,722286.0,1205120351.0,199.0,F,OC,SVU,NO,736
736,723117.0,1229060035.0,198.0,F,SC,AU,NO,737
737,723983.0,1205010826.0,198.0,M,BC-E,AU,NO,738
738,728201.0,2712050885.0,197.0,F,BC-B,SVU,NO,739
739,728664.0,1229040023.0,197.0,F,BC-A,AU,NO,740
740,733738.0,1219040320.0,195.0,F,BC-E,SVU,NO,741
741,734182.0,1220030071.0,195.0,F,OC,AU,NO,742
742,738001.0,1205060453.0,194.0,F,SC,AU,NO,743
743,738203.0,1205250003.0,194.0,F,OC,AU,NO,744
744,738240.0,1221010477.0,194.0,F,SC,SVU,NO,745
745,739275.0,1205170193.0,194.0,F,SC,AU,NO,746
746,746365.0,1216030040.0,192.0,M,SC,AU,NO,747
747,749653.0,1205070555.0,191.0,F,BC-B,AU,NO,748
748,755919.0,1221010640.0,190.0,F,BC-E,SVU,NO,749
749,758048.0,2706070355.0,189.0,F,BC-D,SVU,NO,750
750,758563.0,1224070055.0,189.0,F,BC-B,AU,NO,751
751,759078.0,1206140180.0,189.0,F,BC-D,AU,NO,752
752,761994.0,1225030074.0,188.0,F,BC-D,AU,NO,753
753,762357.0,1206160039.0,188.0,F,ST,AU,NO,754
754,762705.0,1201090003.0,188.0,F,BC-E,AU,NO,755
755,764166.0,1219020049.0,188.0,F,OC,SVU,NO,756
756,768174.0,1205070139.0,187.0,F,SC,AU,NO,757
757,769824.0,1202020911.0,186.0,M,BC-E,SVU,NO,758
758,773750.0,1203020371.0,185.0,F,SC,SVU,NO,759
759,774189.0,1224060281.0,185.0,M,SC,AU,NO,760
760,774888.0,1222010339.0,185.0,M,SC,AU,NO,761
761,778896.0,1205230140.0,184.0,F,SC,AU,NO,762
762,780919.0,1205130133.0,184.0,F,ST,AU,NO,763
763,782987.0,1213010329.0,183.0,F,OC,AU,NO,764
764,786787.0,1221010381.0,182.0,F,BC-E,SVU,NO,765
765,790210.0,1209010632.0,181.0,F,OC,AU,NO,766
766,790921.0,1228040080.0,181.0,F,SC,AU,NO,767
767,794134.0,1202010420.0,180.0,F,SC,SVU,NO,768
768,795598.0,1219020162.0,180.0,F,BC-E,SVU,NO,769
769,797066.0,1202010497.0,180.0,F,BC-E,OU,NO,770
770,797726.0,1206090489.0,180.0,F,BC-D,AU,NO,771
771,799127.0,1224010336.0,179.0,F,OC,AU,NO,772
772,803531.0,1201070040.0,178.0,M,BC-D,AU,NO,773
773,805023.0,1202010519.0,178.0,F,BC-E,SVU,NO,774
774,806424.0,1205090447.0,178.0,F,BC-B,AU,NO,775
775,812020.0,1203060628.0,176.0,F,SC,SVU,NO,776
776,814171.0,1202050254.0,176.0,F,SC,SVU,NO,777
777,816545.0,1224020163.0,175.0,F,ST,AU,NO,778
778,821653.0,1209010554.0,174.0,F,BC-C,AU,NO,779
779,825548.0,1220010961.0,173.0,F,ST,AU,NO,780
780,826203.0,1205230152.0,173.0,F,SC,SVU,NO,781
781,826539.0,1202010095.0,173.0,M,BC-E,SVU,NO,782
782,829779.0,1202020805.0,172.0,F,BC-B,SVU,NO,783
783,829784.0,1205170058.0,172.0,F,SC,AU,NO,784
784,830861.0,1205080369.0,172.0,F,SC,SVU,NO,785
785,835571.0,1201090063.0,171.0,F,BC-B,AU,NO,786
786,839668.0,1212050099.0,170.0,M,SC,SVU,NO,787
787,839804.0,1202010683.0,170.0,M,SC,SVU,NO,788
788,843321.0,1216020319.0,170.0,F,SC,AU,YES,789
789,848538.0,1214010308.0,168.0,F,SC,AU,YES,790
790,850540.0,4212010019.0,168.0,M,BC-B,OU,NO,791
791,854894.0,1224050130.0,167.0,F,SC,AU,NO,792
792,858680.0,1228020033.0,166.0,F,BC-C,AU,NO,793
793,862598.0,1202060483.0,165.0,F,BC-E,SVU,NO,794
794,868617.0,1205240364.0,164.0,M,BC-B,AU,YES,795
795,870954.0,1224060227.0,164.0,F,SC,AU,YES,796
796,871219.0,1219020183.0,164.0,F,BC-E,SVU,NO,797
797,877076.0,4201140450.0,162.0,F,BC-D,OU,NO,798
798,878501.0,1215020156.0,162.0,F,SC,SVU,NO,799
799,878586.0,1201120114.0,162.0,M,SC,AU,NO,800
800,880559.0,1221010215.0,161.0,F,BC-B,SVU,NO,801
801,885098.0,1227020005.0,160.0,M,BC-D,AU,NO,802
802,885396.0,1205010596.0,160.0,F,OC,AU,NO,803
803,885657.0,1229030181.0,160.0,F,BC-B,AU,NO,804
804,893938.0,1206110057.0,159.0,F,BC-D,AU,NO,805
805,897433.0,1205010248.0,158.0,F,BC-A,AU,NO,806
806,903226.0,1225010446.0,157.0,F,SC,AU,NO,807
807,906121.0,4203030244.0,156.0,F,SC,OU,NO,808
808,906623.0,1203010913.0,156.0,F,BC-E,SVU,NO,809
809,909871.0,1203060800.0,155.0,M,BC-C,SVU,NO,810
810,910311.0,1220050071.0,155.0,F,SC,AU,NO,811
811,910811.0,1214010480.0,155.0,F,SC,AU,NO,812
812,911302.0,1204010984.0,155.0,F,OC,SVU,NO,813
813,913084.0,1201120314.0,155.0,F,BC-C,AU,NO,814
814,917110.0,1206040417.0,154.0,F,ST,AU,NO,815
815,918000.0,1224030391.0,154.0,F,OC,AU,NO,816
816,926649.0,1201120125.0,152.0,F,SC,AU,NO,817
817,930395.0,1204060080.0,151.0,M,OC,SVU,NO,818
818,930664.0,1205270476.0,151.0,M,BC-A,AU,NO,819
819,931041.0,1205250261.0,151.0,F,SC,AU,NO,820
820,931321.0,1204040440.0,151.0,F,OC,SVU,NO,821
821,932939.0,1220010319.0,151.0,F,OC,AU,NO,822
822,935536.0,1222010272.0,150.0,F,ST,AU,NO,823
823,938424.0,1206060540.0,150.0,F,OC,AU,NO,824
824,939128.0,1205050374.0,150.0,F,SC,AU,NO,825
825,939266.0,1201040479.0,150.0,F,SC,AU,NO,826
826,942725.0,1214010028.0,149.0,F,OC,AU,NO,827
827,943530.0,1216020374.0,149.0,F,BC-B,AU,NO,828
828,943712.0,1205250348.0,149.0,F,OC,SVU,NO,829
829,945837.0,1206020453.0,149.0,F,SC,AU,NO,830
830,953365.0,1224030229.0,147.0,F,BC-C,AU,NO,831
831,961320.0,1205160125.0,146.0,M,SC,AU,NO,832
832,961634.0,1228030168.0,146.0,F,OC,AU,NO,833
833,962666.0,1202050591.0,145.0,F,OC,SVU,NO,834
834,969725.0,1206140130.0,144.0,F,SC,AU,NO,835
835,970100.0,1220010983.0,144.0,F,BC-A,AU,NO,836
836,975209.0,1214010533.0,143.0,F,OC,AU,NO,837
837,975345.0,1202010815.0,143.0,F,BC-E,SVU,NO,838
838,978120.0,1203060614.0,143.0,F,ST,SVU,NO,839
839,981674.0,1224050054.0,142.0,M,SC,AU,NO,840
840,985201.0,1202060356.0,141.0,M,OC,SVU,NO,841
841,985607.0,1202020636.0,141.0,F,BC-E,SVU,NO,842
842,985731.0,1202020733.0,141.0,F,BC-D,SVU,NO,843
843,990734.0,1205040537.0,140.0,M,SC,SVU,NO,844
844,991987.0,1212040134.0,140.0,F,OC,SVU,NO,845
845,994780.0,1229010091.0,140.0,F,SC,AU,NO,846
846,995409.0,1206070121.0,140.0,M,ST,AU,NO,847
847,1000305.0,1216020346.0,139.0,F,BC-A,AU,NO,848
848,1001236.0,1203020734.0,139.0,F,BC-E,SVU,NO,849
849,1005473.0,1202050180.0,138.0,F,BC-A,SVU,NO,850
850,1008400.0,1229060130.0,138.0,F,OC,AU,NO,851
851,1008918.0,1201010474.0,137.0,F,SC,AU,NO,852
852,1014979.0,1203050044.0,136.0,F,BC-D,SVU,NO,853
853,1016117.0,1221030115.0,136.0,M,BC-E,SVU,NO,854
854,1016135.0,1215030211.0,136.0,F,SC,SVU,NO,855
855,1017294.0,1212030057.0,136.0,F,BC-E,SVU,NO,856
856,1018999.0,1212050174.0,136.0,F,BC-A,SVU,NO,857
857,1022572.0,1202020561.0,135.0,M,BC-E,SVU,NO,858
858,1023222.0,4205040461.0,135.0,F,BC-E,OU,NO,859
859,1026760.0,4201010604.0,135.0,M,OC,AU,NO,860
860,1035886.0,1202070005.0,133.0,F,BC-E,SVU,YES,861
861,1041073.0,1205070460.0,132.0,M,SC,AU,YES,862
862,1049088.0,1212050016.0,131.0,F,BC-B,SVU,NO,863
863,1054564.0,1220020134.0,130.0,F,BC-D,AU,NO,864
864,1055226.0,1202070101.0,130.0,F,BC-E,SVU,NO,865
865,1056193.0,1212010012.0,130.0,M,SC,SVU,NO,866
866,1059365.0,1206020397.0,129.0,M,BC-D,AU,NO,867
867,1059488.0,1205170180.0,129.0,F,BC-A,AU,NO,868
868,1060095.0,1204060423.0,129.0,F,SC,SVU,NO,869
869,1060807.0,1225040063.0,129.0,F,BC-A,AU,NO,870
870,1062894.0,1202021009.0,129.0,F,BC-E,SVU,NO,871
871,1063444.0,1219040150.0,129.0,F,BC-B,SVU,NO,872
872,1064709.0,1204090022.0,129.0,F,ST,SVU,NO,873
873,1069527.0,1204010365.0,128.0,F,BC-B,SVU,NO,874
874,1069676.0,1206040377.0,128.0,F,BC-D,AU,NO,875
875,1073108.0,1204070297.0,127.0,F,BC-C,SVU,NO,876
876,1073843.0,1219040085.0,127.0,F,OC,AU,NO,877
877,1077983.0,1221030028.0,126.0,F,BC-D,SVU,NO,878
878,1083322.0,1203010791.0,125.0,M,SC,SVU,NO,879
879,1092123.0,1202050594.0,125.0,M,BC-E,SVU,NO,880
880,1095390.0,1206070306.0,124.0,F,BC-D,AU,NO,881
881,1095688.0,1203040175.0,124.0,F,SC,SVU,NO,882
882,1105599.0,1220060148.0,122.0,F,SC,AU,NO,883
883,1105699.0,1223020475.0,122.0,F,BC-E,SVU,NO,884
884,1105783.0,4207010254.0,122.0,F,BC-B,OU,NO,885
885,1107060.0,1205210007.0,122.0,M,BC-B,AU,NO,886
886,1108634.0,1219010594.0,122.0,F,BC-A,SVU,NO,887
887,1110468.0,1212020397.0,121.0,M,SC,SVU,NO,888
888,1122440.0,1223020394.0,120.0,F,SC,SVU,NO,889
889,1122909.0,4201250098.0,120.0,F,BC-D,OU,NO,890
890,1124777.0,1205010837.0,120.0,M,BC-D,AU,NO,891
891,1127661.0,1221020340.0,119.0,F,BC-E,SVU,NO,892
892,1137517.0,4201180342.0,118.0,F,ST,SVU,NO,893
893,1144080.0,4201010216.0,117.0,F,BC-B,OU,NO,894
894,1144362.0,1224060143.0,117.0,F,SC,AU,NO,895
895,1150327.0,1206100191.0,116.0,F,BC-D,AU,NO,896
896,1160437.0,1202010449.0,115.0,F,BC-D,SVU,NO,897
897,1164689.0,1212010254.0,114.0,F,SC,SVU,NO,898
898,1172565.0,1205070252.0,113.0,F,BC-A,SVU,NO,899
899,1172658.0,1205210143.0,113.0,F,BC-A,AU,NO,900
900,1172845.0,1202020125.0,113.0,F,BC-C,SVU,NO,901
901,1177308.0,1206050048.0,112.0,F,BC-D,AU,NO,902
902,1177728.0,1205060468.0,112.0,F,BC-A,AU,NO,903
903,1178758.0,1201040228.0,112.0,F,SC,AU,NO,904
904,1183546.0,1202020815.0,111.0,F,BC-E,SVU,NO,905
905,1191955.0,1204070016.0,110.0,F,SC,SVU,NO,906
906,1208882.0,1205170386.0,108.0,F,BC-A,AU,NO,907
907,1213893.0,1220030243.0,108.0,F,BC-B,AU,NO,908
908,1270212.0,1206040134.0,101.0,F,BC-C,AU,NO,909
